First name,Last name,Full name,Party,Government position,Parliamentary phone number,Constituency phone number,Email address
Ms,Diane Abbott,Ms Diane Abbott,Labour,,,,diane.abbott.office@parliament.uk
Jack,Abbott,Jack Abbott,Labour (Co-op),,,,jack.abbott.mp@parliament.uk
Debbie,Abrahams,Debbie Abrahams,Labour,,,,abrahamsd@parliament.uk
Shockat,Adam,Shockat Adam,Independent,,,,shockat.adam.mp@parliament.uk
Dr,Zubir Ahmed,Dr Zubir Ahmed,Labour,,,,zubir.ahmed.mp@parliament.uk
Luke,Akehurst,Luke Akehurst,Labour,,,,luke.akehurst.mp@parliament.uk
Mr,Bayo Alaba,Mr Bayo Alaba,Labour,,,,bayo.alaba.mp@parliament.uk
Dan,Aldridge,Dan Aldridge,Labour,,,,daniel.aldridge.mp@parliament.uk
Mr,Douglas Alexander,Mr Douglas Alexander,Labour (Co-op),Minister for Trade Policy and Economic Security,,,douglas.alexander.mp@parliament.uk
Heidi,Alexander,Heidi Alexander,Labour,Secretary of State for Transport,,,heidi.alexander.mp@parliament.uk
Sadik,Al-Hassan,Sadik Al-Hassan,Labour,,,,sadik.alhassan.mp@parliament.uk
Rushanara,Ali,Rushanara Ali,Labour,Minister for Homelessness and Democracy,,,rushanara.ali.mp@parliament.uk
Tahir,Ali,Tahir Ali,Labour,,,,tahir.ali.mp@parliament.uk
Dr,Rosena Allin-Khan,Dr Rosena Allin-Khan,Labour,,,,rosena.allinkhan.mp@parliament.uk
Jim,Allister,Jim Allister,Traditional Unionist Voice,,,,jim.allister.mp@parliament.uk
Gideon,Amos,Gideon Amos,Liberal Democrat,,,,gideon.amos.mp@parliament.uk
Callum,Anderson,Callum Anderson,Labour,,,,callum.anderson.mp@parliament.uk
Fleur,Anderson,Fleur Anderson,Labour,Parliamentary Under-Secretary of State,,,fleur.anderson.mp@parliament.uk
Lee,Anderson,Lee Anderson,Reform UK,,,,lee.anderson.mp@parliament.uk
Stuart,Anderson,Stuart Anderson,Conservative,,,,stuart.anderson.mp@parliament.uk
Stuart,Andrew,Stuart Andrew,Conservative,,,,stuart.andrew.mp@parliament.uk
Tonia,Antoniazzi,Tonia Antoniazzi,Labour,,,,tonia.antoniazzi.mp@parliament.uk
Steff,Aquarone,Steff Aquarone,Liberal Democrat,,,,steff.aquarone.mp@parliament.uk
Edward,Argar,Edward Argar,Conservative,,,,edward.argar.mp@parliament.uk
Dr,Scott Arthur,Dr Scott Arthur,Labour,,,,scott.arthur.mp@parliament.uk
Jess,Asato,Jess Asato,Labour,,,,jess.asato.mp@parliament.uk
James,Asser,James Asser,Labour,,,,james.asser.mp@parliament.uk
Jas,Athwal,Jas Athwal,Labour,,,,jas.athwal.mp@parliament.uk
Victoria,Atkins,Victoria Atkins,Conservative,,,,Victoria@victoriaatkins.org.uk
Catherine,Atkinson,Catherine Atkinson,Labour,,,,catherine.atkinson.mp@parliament.uk
Lewis,Atkinson,Lewis Atkinson,Labour,,,,lewis.atkinson.mp@parliament.uk
Josh,Babarinde,Josh Babarinde,Liberal Democrat,,,,josh.babarinde.mp@parliament.uk
Gareth,Bacon,Gareth Bacon,Conservative,,,,gareth.bacon.mp@parliament.uk
Mrs,Kemi Badenoch,Mrs Kemi Badenoch,Conservative,,,,kemi.badenoch.mp@parliament.uk
Mr,Calvin Bailey,Mr Calvin Bailey,Labour,,,,calvin.bailey.mp@parliament.uk
Olivia,Bailey,Olivia Bailey,Labour,,,,olivia.bailey.mp@parliament.uk
David,Baines,David Baines,Labour,,,,david.baines.mp@parliament.uk
Alex,Baker,Alex Baker,Labour,,,,alex.baker.mp@parliament.uk
Richard,Baker,Richard Baker,Labour,,,,richard.baker.mp@parliament.uk
Dame,Harriett Baldwin,Dame Harriett Baldwin,Conservative,,,,harriett.baldwin.mp@parliament.uk
Alex,Ballinger,Alex Ballinger,Labour,,,,alex.ballinger.mp@parliament.uk
Antonia,Bance,Antonia Bance,Labour,,,,antonia.bance.mp@parliament.uk
Steve,Barclay,Steve Barclay,Conservative,,,,stephen.barclay.mp@parliament.uk
Paula,Barker,Paula Barker,Labour,,,,paula.barker.mp@parliament.uk
Lee,Barron,Lee Barron,Labour,,,,lee.barron.mp@parliament.uk
Mr,Alex Barros-Curtis,Mr Alex Barros-Curtis,Labour,,,,alex.barroscurtis.mp@parliament.uk
Johanna,Baxter,Johanna Baxter,Labour,,,,johanna.baxter.mp@parliament.uk
Danny,Beales,Danny Beales,Labour,,,,danny.beales.mp@parliament.uk
Lorraine,Beavers,Lorraine Beavers,Labour,,,,lorraine.beavers.mp@parliament.uk
Mr,Peter Bedford,Mr Peter Bedford,Conservative,,,,peter.bedford.mp@parliament.uk
Órfhlaith,Begley,Órfhlaith Begley,Sinn Féin,,,,
Apsana,Begum,Apsana Begum,Independent,,,,apsana.begum.mp@parliament.uk
Torsten,Bell,Torsten Bell,Labour,Parliamentary Secretary,,,torsten.bell.mp@parliament.uk
Hilary,Benn,Hilary Benn,Labour,Secretary of State for Northern Ireland,,,bennh@parliament.uk
Alison,Bennett,Alison Bennett,Liberal Democrat,,,,alison.bennett.mp@parliament.uk
Siân,Berry,Siân Berry,Green Party,,,,sian.berry.mp@parliament.uk
Mr,Clive Betts,Mr Clive Betts,Labour,,,,officeofclivebettsmp@parliament.uk
Saqib,Bhatti,Saqib Bhatti,Conservative,,,,saqib.bhatti@parliament.uk
Ms,Polly Billington,Ms Polly Billington,Labour,,,,polly.billington.mp@parliament.uk
Matt,Bishop,Matt Bishop,Labour,,,,matt.bishop.mp@parliament.uk
Bob,Blackman,Bob Blackman,Conservative,,,,bob.blackman.mp@parliament.uk
Kirsty,Blackman,Kirsty Blackman,Scottish National Party,,,,kirsty.blackman.mp@parliament.uk
Olivia,Blake,Olivia Blake,Labour,,,,olivia.blake.mp@parliament.uk
Rachel,Blake,Rachel Blake,Labour (Co-op),,,,rachel.blake.mp@parliament.uk
Chris,Bloore,Chris Bloore,Labour,,,,chris.bloore.mp@parliament.uk
Mrs,Elsie Blundell,Mrs Elsie Blundell,Labour,,,,elsie.blundell.mp@parliament.uk
Kevin,Bonavia,Kevin Bonavia,Labour,,,,kevin.bonavia.mp@parliament.uk
Sarah,Bool,Sarah Bool,Conservative,,,,sarah.bool.mp@parliament.uk
Jade,Botterill,Jade Botterill,Labour,,,,jade.botterill.mp@parliament.uk
Andrew,Bowie,Andrew Bowie,Conservative,,,,andrew.bowie.mp@parliament.uk
Mrs,Sureena Brackenridge,Mrs Sureena Brackenridge,Labour,,,,sureena.brackenridge.mp@parliament.uk
Dame,Karen Bradley,Dame Karen Bradley,Conservative,,,,karen.bradley.mp@parliament.uk
Aphra,Brandreth,Aphra Brandreth,Conservative,,,,aphra.brandreth.mp@parliament.uk
Mr,Jonathan Brash,Mr Jonathan Brash,Labour,,,,jonathan.brash.mp@parliament.uk
Suella,Braverman,Suella Braverman,Conservative,,,,suella.braverman.mp@parliament.uk
Alex,Brewer,Alex Brewer,Liberal Democrat,,,,alex.brewer.mp@parliament.uk
Phil,Brickell,Phil Brickell,Labour,,,,phil.brickell.mp@parliament.uk
Jess,Brown-Fuller,Jess Brown-Fuller,Liberal Democrat,,,,jess.brownfuller.mp@parliament.uk
Chris,Bryant,Chris Bryant,Labour,"Minister for Creative Industries, Arts and Tourism",,,chris.bryant.mp@parliament.uk
Julia,Buckley,Julia Buckley,Labour,,,,julia.buckley.mp@parliament.uk
Alex,Burghart,Alex Burghart,Conservative,,,,alex.burghart.mp@parliament.uk
Richard,Burgon,Richard Burgon,Labour,,,,richard@richardburgon.com
Maureen,Burke,Maureen Burke,Labour,,,,maureen.burke.mp@parliament.uk
David,Burton-Sampson,David Burton-Sampson,Labour,,,,david.burtonsampson.mp@parliament.uk
Dawn,Butler,Dawn Butler,Labour,,,,dawn.butler.mp@parliament.uk
Ian,Byrne,Ian Byrne,Labour,,,,ian.byrne.mp@parliament.uk
Liam,Byrne,Liam Byrne,Labour,,,,liam.byrne.mp@parliament.uk
Ruth,Cadbury,Ruth Cadbury,Labour,,,,ruthcadburymp@parliament.uk
Nesil,Caliskan,Nesil Caliskan,Labour,,,,nesil.caliskan.mp@parliament.uk
Sir,Alan Campbell,Sir Alan Campbell,Labour,Chief Whip and Parliamentary Secretary to the Treasury,,,alan.campbell.mp@parliament.uk
Mr,Gregory Campbell,Mr Gregory Campbell,Democratic Unionist Party,,,,aaron.callan@parliament.uk
Irene,Campbell,Irene Campbell,Labour,,,,irene.campbell.mp@parliament.uk
Juliet,Campbell,Juliet Campbell,Labour,,,,juliet.campbell.mp@parliament.uk
Markus,Campbell-Savours,Markus Campbell-Savours,Labour,,,,markus.campbellsavours.mp@parliament.uk
Charlotte,Cane,Charlotte Cane,Liberal Democrat,,,,charlotte.cane.mp@parliament.uk
Dan,Carden,Dan Carden,Labour,,,,dan.carden.mp@parliament.uk
Sam,Carling,Sam Carling,Labour,,,,sam.carling.mp@parliament.uk
Mr,Alistair Carmichael,Mr Alistair Carmichael,Liberal Democrat,,,,carmichaela@parliament.uk
Al,Carns,Al Carns,Labour,,,,al.carns.mp@parliament.uk
James,Cartlidge,James Cartlidge,Conservative,,,,james.cartlidge.mp@parliament.uk
David,Chadwick,David Chadwick,Liberal Democrat,,,,david.chadwick.mp@parliament.uk
Wendy,Chamberlain,Wendy Chamberlain,Liberal Democrat,,,,wendy.chamberlain.mp@parliament.uk
Dr,Danny Chambers,Dr Danny Chambers,Liberal Democrat,,,,danny.chambers.mp@parliament.uk
Sarah,Champion,Sarah Champion,Labour,,,,sarah.champion.mp@parliament.uk
Bambos,Charalambous,Bambos Charalambous,Labour,,,,bambos.charalambous.mp@parliament.uk
Mr,Luke Charters,Mr Luke Charters,Labour,,,,luke.charters.mp@parliament.uk
Sir,Christopher Chope,Sir Christopher Chope,Conservative,,,,chopec@parliament.uk
Ellie,Chowns,Ellie Chowns,Green Party,,,,ellie.chowns.mp@parliament.uk
Feryal,Clark,Feryal Clark,Labour,Minister for AI and Digital Government,,,feryal.clark.mp@parliament.uk
Sir,James Cleverly,Sir James Cleverly,Conservative,,,,james.cleverly.mp@parliament.uk
Sir,Geoffrey Clifton-Brown,Sir Geoffrey Clifton-Brown,Conservative,,,,cliftonbrowng@parliament.uk
Lewis,Cocking,Lewis Cocking,Conservative,,,,lewis.cocking.mp@parliament.uk
Chris,Coghlan,Chris Coghlan,Liberal Democrat,,,,chris.coghlan.mp@parliament.uk
Ben,Coleman,Ben Coleman,Labour,,,,ben.coleman.mp@parliament.uk
Jacob,Collier,Jacob Collier,Labour,,,,jacob.collier.mp@parliament.uk
Lizzi,Collinge,Lizzi Collinge,Labour,,,,lizzi.collinge.mp@parliament.uk
Tom,Collins,Tom Collins,Labour,,,,tom.collins.mp@parliament.uk
Victoria,Collins,Victoria Collins,Liberal Democrat,,,,victoria.collins.mp@parliament.uk
Liam,Conlon,Liam Conlon,Labour,,,,liam.conlon.mp@parliament.uk
Sarah,Coombes,Sarah Coombes,Labour,,,,sarah.coombes.mp@parliament.uk
Andrew,Cooper,Andrew Cooper,Labour,,,,andrew.cooper.mp@parliament.uk
Dr,Beccy Cooper,Dr Beccy Cooper,Labour,,,,beccy.cooper.mp@parliament.uk
Daisy,Cooper,Daisy Cooper,Liberal Democrat,,,,daisy.cooper.mp@parliament.uk
John,Cooper,John Cooper,Conservative,,,,john.cooper.mp@parliament.uk
Yvette,Cooper,Yvette Cooper,Labour,Secretary of State for the Home Department,,,coopery@parliament.uk
Jeremy,Corbyn,Jeremy Corbyn,Independent,,,,jeremy.corbyn.mp@parliament.uk
Alberto,Costa,Alberto Costa,Conservative,,,,alberto.costa.mp@parliament.uk
Deirdre,Costigan,Deirdre Costigan,Labour,,,,deirdre.costigan.mp@parliament.uk
Claire,Coutinho,Claire Coutinho,Conservative,,,,claire.coutinho.mp@parliament.uk
Sir,Geoffrey Cox,Sir Geoffrey Cox,Conservative,,,,coxg@parliament.uk
Pam,Cox,Pam Cox,Labour,,,,pam.cox.mp@parliament.uk
Neil,Coyle,Neil Coyle,Labour,,,,neil.coyle.mp@parliament.uk
Jen,Craft,Jen Craft,Labour,,,,jen.craft.mp@parliament.uk
Mary,Creagh,Mary Creagh,Labour,Minister for Nature,,,mary.creagh.mp@parliament.uk
Ms,Stella Creasy,Ms Stella Creasy,Labour (Co-op),,,,stella.creasy.mp@parliament.uk
Torcuil,Crichton,Torcuil Crichton,Labour,,,,torcuil.crichton.mp@parliament.uk
Harriet,Cross,Harriet Cross,Conservative,,,,harriet.cross.mp@parliament.uk
Pat,Cullen,Pat Cullen,Sinn Féin,,,,pat.cullen.mp@parliament.uk
Judith,Cummins,Judith Cummins,Labour,,,,judith.cummins.mp@parliament.uk
Chris,Curtis,Chris Curtis,Labour,,,,chris.curtis.mp@parliament.uk
Janet,Daby,Janet Daby,Labour,Minister for Children and Families,,,janet.daby.mp@parliament.uk
Sir,Nicholas Dakin,Sir Nicholas Dakin,Labour,,,,nic.dakin.mp@parliament.uk
Ashley,Dalton,Ashley Dalton,Labour,Minister for Public Health and Prevention,,,ashley.dalton.mp@parliament.uk
Adam,Dance,Adam Dance,Liberal Democrat,,,,adam.dance.mp@parliament.uk
Steve,Darling,Steve Darling,Liberal Democrat,,,,steve.darling.mp@parliament.uk
Emily,Darlington,Emily Darlington,Labour,,,,emily.darlington.mp@parliament.uk
Ed,Davey,Ed Davey,Liberal Democrat,,,,edward.davey.mp@parliament.uk
Ann,Davies,Ann Davies,Plaid Cymru,,,,ann.davies.mp@parliament.uk
Gareth,Davies,Gareth Davies,Conservative,,,,gareth.davies.mp@parliament.uk
Jonathan,Davies,Jonathan Davies,Labour,,,,jonathan.davies.mp@parliament.uk
Mims,Davies,Mims Davies,Conservative,,,,mims.davies.mp@parliament.uk
Paul,Davies,Paul Davies,Labour,,,,paul.davies.mp@parliament.uk
Shaun,Davies,Shaun Davies,Labour,,,,shaun.davies.mp@parliament.uk
Alex,Davies-Jones,Alex Davies-Jones,Labour,Parliamentary Under-Secretary of State,,,alex.daviesjones.mp@parliament.uk
David,Davis,David Davis,Conservative,,,,david.davis.mp@parliament.uk
Marsha,De Cordova,Marsha De Cordova,Labour,,,,marsha.decordova.mp@parliament.uk
Bobby,Dean,Bobby Dean,Liberal Democrat,,,,bobby.dean.mp@parliament.uk
Josh,Dean,Josh Dean,Labour,,,,josh.dean.mp@parliament.uk
Kate,Dearden,Kate Dearden,Labour (Co-op),Assistant Whip (HM Treasury),,,kate.dearden.mp@parliament.uk
Carla,Denyer,Carla Denyer,Green Party,,,,carla.denyer.mp@parliament.uk
Charlie,Dewhirst,Charlie Dewhirst,Conservative,,,,charlie.dewhirst.mp@parliament.uk
Mr,Tanmanjeet Singh Dhesi,Mr Tanmanjeet Singh Dhesi,Labour,,,,tan.dhesi.mp@parliament.uk
Jim,Dickson,Jim Dickson,Labour,,,,jim.dickson.mp@parliament.uk
Mr,Lee Dillon,Mr Lee Dillon,Liberal Democrat,,,,lee.dillon.mp@parliament.uk
Dame,Caroline Dinenage,Dame Caroline Dinenage,Conservative,,,,caroline.dinenage.mp@parliament.uk
Anna,Dixon,Anna Dixon,Labour,,,,anna.dixon.mp@parliament.uk
Samantha,Dixon,Samantha Dixon,Labour,Vice Chamberlain of HM Household (Senior Whip),,,Samantha.dixon.mp@parliament.uk
Anneliese,Dodds,Anneliese Dodds,Labour (Co-op),,,,anneliese.dodds.mp@parliament.uk
Helena,Dollimore,Helena Dollimore,Labour (Co-op),,,,helena.dollimore.mp@parliament.uk
Dave,Doogan,Dave Doogan,Scottish National Party,,,,dave.doogan.mp@parliament.uk
Stephen,Doughty,Stephen Doughty,Labour (Co-op),"Minister for Europe, North America and Overseas Territories",,,stephen.doughty.mp@parliament.uk
Peter,Dowd,Peter Dowd,Labour,,,,peter.dowd.mp@parliament.uk
Sir,Oliver Dowden,Sir Oliver Dowden,Conservative,,,,oliver.dowden.mp@parliament.uk
Graeme,Downie,Graeme Downie,Labour,,,,graeme.downie.mp@parliament.uk
Rosie,Duffield,Rosie Duffield,Independent,,,,rosie.duffield.mp@parliament.uk
Sir,Iain Duncan Smith,Sir Iain Duncan Smith,Conservative,,,,Iain.duncansmith.mp@parliament.uk
Neil,Duncan-Jordan,Neil Duncan-Jordan,Labour,,,,neil.duncanjordan.mp@parliament.uk
Sarah,Dyke,Sarah Dyke,Liberal Democrat,,,,sarah.dyke.mp@parliament.uk
Dame,Angela Eagle,Dame Angela Eagle,Labour,Minister for Border Security and Asylum,,,eaglea@parliament.uk
Maria,Eagle,Maria Eagle,Labour,Minister for Defence Procurement and Industry,,,maria.eagle.mp@parliament.uk
Alex,Easton,Alex Easton,Independent,,,,alex.easton.mp@parliament.uk
Colum,Eastwood,Colum Eastwood,Social Democratic & Labour Party,,,,colum.eastwood.mp@parliament.uk
Sorcha,Eastwood,Sorcha Eastwood,Alliance,,,,sorcha.eastwood.mp@parliament.uk
Cat,Eccles,Cat Eccles,Labour,,,,cat.eccles.mp@parliament.uk
Lauren,Edwards,Lauren Edwards,Labour,,,,lauren.edwards.mp@parliament.uk
Sarah,Edwards,Sarah Edwards,Labour,,,,sarah.edwards.mp@parliament.uk
Clive,Efford,Clive Efford,Labour,,,,clive.efford.mp@parliament.uk
Damien,Egan,Damien Egan,Labour,,,,damien.egan.mp@parliament.uk
Maya,Ellis,Maya Ellis,Labour,,,,maya.ellis.mp@parliament.uk
Chris,Elmore,Chris Elmore,Labour,Comptroller of HM Household (Senior Whip),,,Chris.Elmore.mp@parliament.uk
Kirith,Entwistle,Kirith Entwistle,Labour,,,,kirith.entwistle.mp@parliament.uk
Florence,Eshalomi,Florence Eshalomi,Labour (Co-op),,,,florence.eshalomi.mp@parliament.uk
Bill,Esterson,Bill Esterson,Labour,,,,bill.esterson.mp@parliament.uk
Chris,Evans,Chris Evans,Labour (Co-op),,,,chris.evans.mp@parliament.uk
Dr,Luke Evans,Dr Luke Evans,Conservative,,,,luke.evans.mp@parliament.uk
Miatta,Fahnbulleh,Miatta Fahnbulleh,Labour (Co-op),Minister for Energy Consumers,,,miatta.fahnbulleh.mp@parliament.uk
Mr,Hamish Falconer,Mr Hamish Falconer,Labour,"Minister for the Middle East, Afghanistan and Pakistan",,,hamish.falconer.mp@parliament.uk
Nigel,Farage,Nigel Farage,Reform UK,,,,nigel.farage.mp@parliament.uk
Linsey,Farnsworth,Linsey Farnsworth,Labour,,,,linsey.farnsworth.mp@parliament.uk
Tim,Farron,Tim Farron,Liberal Democrat,,,,tim.farron.mp@parliament.uk
Josh,Fenton-Glynn,Josh Fenton-Glynn,Labour,,,,josh.fentonglynn.mp@parliament.uk
Mark,Ferguson,Mark Ferguson,Labour,,,,mark.ferguson.mp@parliament.uk
Patricia,Ferguson,Patricia Ferguson,Labour,,,,patricia.ferguson.mp@parliament.uk
John,Finucane,John Finucane,Sinn Féin,,,,john.finucane.mp@parliament.uk
Natalie,Fleet,Natalie Fleet,Labour,,,,natalie.fleet.mp@parliament.uk
Stephen,Flynn,Stephen Flynn,Scottish National Party,,,,stephen.flynn.mp@parliament.uk
Emma,Foody,Emma Foody,Labour (Co-op),,,,emma.foody.mp@parliament.uk
Catherine,Fookes,Catherine Fookes,Labour,,,,catherine.fookes.mp@parliament.uk
Richard,Foord,Richard Foord,Liberal Democrat,,,,richard.foord.mp@parliament.uk
Mr,Will Forster,Mr Will Forster,Liberal Democrat,,,,will.forster.mp@parliament.uk
Peter,Fortune,Peter Fortune,Conservative,,,,peter.fortune.mp@parliament.uk
Mr,Paul Foster,Mr Paul Foster,Labour,,,,paul.foster.mp@parliament.uk
Sir,Ashley Fox,Sir Ashley Fox,Conservative,,,,ashley.fox.mp@parliament.uk
Vicky,Foxcroft,Vicky Foxcroft,Labour,,,,vicky.foxcroft.mp@parliament.uk
Mary,Kelly Foy,Mary Kelly Foy,Labour,,,,mary.foy.mp@parliament.uk
Daniel,Francis,Daniel Francis,Labour,,,,daniel.francis.mp@parliament.uk
Mr,Mark Francois,Mr Mark Francois,Conservative,,,,mark.francois.mp@parliament.uk
Zöe,Franklin,Zöe Franklin,Liberal Democrat,,,,zoe.franklin.mp@parliament.uk
George,Freeman,George Freeman,Conservative,,,,george.freeman.mp@parliament.uk
Mr,Louie French,Mr Louie French,Conservative,,,,louie.french.mp@parliament.uk
Mr,James Frith,Mr James Frith,Labour,,,,james.frith.mp@parliament.uk
Richard,Fuller,Richard Fuller,Conservative,,,,richard.fuller.mp@parliament.uk
Gill,Furniss,Gill Furniss,Labour,,,,gill.furniss.mp@parliament.uk
Sir,Roger Gale,Sir Roger Gale,Conservative,,,,galerj@parliament.uk
Barry,Gardiner,Barry Gardiner,Labour,,,,barry.gardiner.mp@parliament.uk
Dr,Allison Gardner,Dr Allison Gardner,Labour,,,,allison.gardner.mp@parliament.uk
Mark,Garnier,Mark Garnier,Conservative,,,,mark.garnier.mp@parliament.uk
Anna,Gelderd,Anna Gelderd,Labour,,,,anna.gelderd.mp@parliament.uk
Alan,Gemmell,Alan Gemmell,Labour,,,,alan.gemmell.mp@parliament.uk
Andrew,George,Andrew George,Liberal Democrat,,,,andrew.george.mp@parliament.uk
Gill,German,Gill German,Labour,,,,gill.german.mp@parliament.uk
Stephen,Gethins,Stephen Gethins,Scottish National Party,,,,stephen.gethins.mp@parliament.uk
Ms,Nusrat Ghani,Ms Nusrat Ghani,Conservative,,,,nusrat.ghani.mp@parliament.uk
Sarah,Gibson,Sarah Gibson,Liberal Democrat,,,,sarah.gibson.mp@parliament.uk
Tracy,Gilbert,Tracy Gilbert,Labour,,,,tracy.gilbert.mp@parliament.uk
Preet,Kaur Gill,Preet Kaur Gill,Labour (Co-op),,,,preet.gill.mp@parliament.uk
Rachel,Gilmour,Rachel Gilmour,Liberal Democrat,,,,rachel.gilmour.mp@parliament.uk
Becky,Gittins,Becky Gittins,Labour,,,,becky.gittins.mp@parliament.uk
John,Glen,John Glen,Conservative,,,,john.glen.mp@parliament.uk
Mary,Glindon,Mary Glindon,Labour,,,,mary.glindon.mp@parliament.uk
Olly,Glover,Olly Glover,Liberal Democrat,,,,olly.glover.mp@parliament.uk
Marie,Goldman,Marie Goldman,Liberal Democrat,,,,marie.goldman.mp@parliament.uk
Ben,Goldsborough,Ben Goldsborough,Labour,,,,ben.goldsborough.mp@parliament.uk
Tom,Gordon,Tom Gordon,Liberal Democrat,,,,tom.gordon.mp@parliament.uk
Jodie,Gosling,Jodie Gosling,Labour,,,,jodie.gosling.mp@parliament.uk
Georgia,Gould,Georgia Gould,Labour,Parliamentary Secretary,,,georgia.gould.mp@parliament.uk
John,Grady,John Grady,Labour,,,,john.grady.mp@parliament.uk
Helen,Grant,Helen Grant,Conservative,,,,helen.grant.mp@parliament.uk
Sarah,Green,Sarah Green,Liberal Democrat,,,,sarah.green.mp@parliament.uk
Lilian,Greenwood,Lilian Greenwood,Labour,Minister for the Future of Roads,,,lilian.greenwood.mp@parliament.uk
Andrew,Griffith,Andrew Griffith,Conservative,,,,andrew.griffith.mp@parliament.uk
Dame,Nia Griffith,Dame Nia Griffith,Labour,Parliamentary Under-Secretary of State,,,nia.griffith.mp@parliament.uk
Alison,Griffiths,Alison Griffiths,Conservative,,,,alison.griffiths.mp@parliament.uk
Andrew,Gwynne,Andrew Gwynne,Independent,,,,gwynnea@parliament.uk
Amanda,Hack,Amanda Hack,Labour,,,,amanda.hack.mp@parliament.uk
Louise,Haigh,Louise Haigh,Labour,,,,louise.haigh.mp@parliament.uk
Sarah,Hall,Sarah Hall,Labour (Co-op),,,,sarah.hall.mp@parliament.uk
Fabian,Hamilton,Fabian Hamilton,Labour,,,,fabian.hamilton.mp@parliament.uk
Paulette,Hamilton,Paulette Hamilton,Labour,,,,paulette.hamilton.mp@parliament.uk
Claire,Hanna,Claire Hanna,Social Democratic & Labour Party,,,,claire.hanna.mp@parliament.uk
Monica,Harding,Monica Harding,Liberal Democrat,,,,monica.harding.mp@parliament.uk
Emma,Hardy,Emma Hardy,Labour,Minister for Water and Flooding,,,emma.hardy.mp@parliament.uk
Carolyn,Harris,Carolyn Harris,Labour,,,,carolyn.harris.mp@parliament.uk
Rebecca,Harris,Rebecca Harris,Conservative,,,,rebecca.harris.mp@parliament.uk
Lloyd,Hatton,Lloyd Hatton,Labour,,,,lloyd.hatton.mp@parliament.uk
Helen,Hayes,Helen Hayes,Labour,,,,helen.hayes.mp@parliament.uk
Sir,John Hayes,Sir John Hayes,Conservative,,,,hayesj@parliament.uk
Tom,Hayes,Tom Hayes,Labour,,,,tom.hayes.mp@parliament.uk
Claire,Hazelgrove,Claire Hazelgrove,Labour,,,,claire.hazelgrove.mp@parliament.uk
Chris,Hazzard,Chris Hazzard,Sinn Féin,,,,chris.hazzard.mp@parliament.uk
John,Healey,John Healey,Labour,Secretary of State for Defence,,,john.healey.mp@parliament.uk
Sir,Mark Hendrick,Sir Mark Hendrick,Labour (Co-op),,,,mark.hendrick.mp@parliament.uk
Pippa,Heylings,Pippa Heylings,Liberal Democrat,,,,pippa.heylings.mp@parliament.uk
Dame,Meg Hillier,Dame Meg Hillier,Labour (Co-op),,,,meghilliermp@parliament.uk
Chris,Hinchliff,Chris Hinchliff,Labour,,,,chris.hinchliff.mp@parliament.uk
Jonathan,Hinder,Jonathan Hinder,Labour,,,,jonathan.hinder.mp@parliament.uk
Damian,Hinds,Damian Hinds,Conservative,,,,damian.hinds.mp@parliament.uk
Simon,Hoare,Simon Hoare,Conservative,,,,simon.hoare.mp@parliament.uk
Wera,Hobhouse,Wera Hobhouse,Liberal Democrat,,,,wera.hobhouse.mp@parliament.uk
Mrs,Sharon Hodgson,Mrs Sharon Hodgson,Labour,,,,sharon.hodgson.mp@parliament.uk
Mr,Richard Holden,Mr Richard Holden,Conservative,,,,richard.holden.mp@parliament.uk
Kevin,Hollinrake,Kevin Hollinrake,Conservative,,,,kevin.hollinrake.mp@parliament.uk
Paul,Holmes,Paul Holmes,Conservative,,,,paul.holmes.mp@parliament.uk
Rachel,Hopkins,Rachel Hopkins,Labour,,,,rachel.hopkins.mp@parliament.uk
Sir,Lindsay Hoyle,Sir Lindsay Hoyle,Speaker,,,,Lindsay.hoyle.mp@parliament.uk
Nigel,Huddleston,Nigel Huddleston,Conservative,,,,nigel.huddleston.mp@parliament.uk
Dr,Neil Hudson,Dr Neil Hudson,Conservative,,,,neil.hudson.mp@parliament.uk
Claire,Hughes,Claire Hughes,Labour,,,,claire.hughes.mp@parliament.uk
Dáire,Hughes,Dáire Hughes,Sinn Féin,,,,daire.hughes.mp@parliament.uk
Alison,Hume,Alison Hume,Labour,,,,alison.hume.mp@parliament.uk
Sir,Jeremy Hunt,Sir Jeremy Hunt,Conservative,,,,huntj@parliament.uk
Dr,Rupa Huq,Dr Rupa Huq,Labour,,,,rupa.huq.mp@parliament.uk
Patrick,Hurley,Patrick Hurley,Labour,,,,patrick.hurley.mp@parliament.uk
Mr,Adnan Hussain,Mr Adnan Hussain,Independent,,,,adnan.hussain.mp@parliament.uk
Imran,Hussain,Imran Hussain,Labour,,,,imran.hussain.mp@parliament.uk
Leigh,Ingham,Leigh Ingham,Labour,,,,leigh.ingham.mp@parliament.uk
Natasha,Irons,Natasha Irons,Labour,,,,natasha.irons.mp@parliament.uk
Sally,Jameson,Sally Jameson,Labour (Co-op),,,,sally.jameson.mp@parliament.uk
Christine,Jardine,Christine Jardine,Liberal Democrat,,,,christine.jardine.mp@parliament.uk
Dan,Jarvis,Dan Jarvis,Labour,Minister for Security,,,dan.jarvis.mp@parliament.uk
Liz,Jarvis,Liz Jarvis,Liberal Democrat,,,,liz.jarvis.mp@parliament.uk
Sir,Bernard Jenkin,Sir Bernard Jenkin,Conservative,,,,bernard.jenkin.mp@parliament.uk
Robert,Jenrick,Robert Jenrick,Conservative,,,,robert.jenrick.mp@parliament.uk
Terry,Jermy,Terry Jermy,Labour,,,,terry.jermy.mp@parliament.uk
Adam,Jogee,Adam Jogee,Labour,,,,adam.jogee.mp@parliament.uk
Dr,Caroline Johnson,Dr Caroline Johnson,Conservative,,,,caroline.johnson.mp@parliament.uk
Dame,Diana Johnson,Dame Diana Johnson,Labour,Minister for Policing and Crime Prevention,,,johnsond@parliament.uk
Kim,Johnson,Kim Johnson,Labour,,,,kim.johnson.mp@parliament.uk
Clive,Jones,Clive Jones,Liberal Democrat,,,,clive.jones.mp@parliament.uk
Darren,Jones,Darren Jones,Labour,Chief Secretary to the Treasury,,,darren.jones.mp@parliament.uk
Gerald,Jones,Gerald Jones,Labour,Assistant Whip (HM Treasury),,,gerald.jones.mp@parliament.uk
Lillian,Jones,Lillian Jones,Labour,,,,lillian.jones.mp@parliament.uk
Louise,Jones,Louise Jones,Labour,,,,louise.jones.mp@parliament.uk
Ruth,Jones,Ruth Jones,Labour,,,,ruth.jones.mp@parliament.uk
Sarah,Jones,Sarah Jones,Labour,Minister for Industry,,,sarah.jones.mp@parliament.uk
Lincoln,Jopp,Lincoln Jopp,Conservative,,,,lincoln.jopp.mp@parliament.uk
Gurinder,Singh Josan,Gurinder Singh Josan,Labour,,,,gurinder.josan.mp@parliament.uk
Sojan,Joseph,Sojan Joseph,Labour,,,,sojan.joseph.mp@parliament.uk
Warinder,Juss,Warinder Juss,Labour,,,,warinder.juss.mp@parliament.uk
Chris,Kane,Chris Kane,Labour,,,,chris.kane.mp@parliament.uk
Mike,Kane,Mike Kane,Labour,"Minister for Aviation, Maritime and Security",,,mike.kane.mp@parliament.uk
Satvir,Kaur,Satvir Kaur,Labour,,,,satvir.kaur.mp@parliament.uk
Alicia,Kearns,Alicia Kearns,Conservative,,,,alicia.kearns.mp@parliament.uk
Liz,Kendall,Liz Kendall,Labour,Secretary of State for Work and Pensions,,,liz.kendall.mp@parliament.uk
Afzal,Khan,Afzal Khan,Labour,,,,afzal.khan.mp@parliament.uk
Ayoub,Khan,Ayoub Khan,Independent,,,,ayoub.khan.mp@parliament.uk
Naushabah,Khan,Naushabah Khan,Labour,,,,naushabah.khan.mp@parliament.uk
Stephen,Kinnock,Stephen Kinnock,Labour,Minister for Care,,,stephen.kinnock.mp@parliament.uk
Jayne,Kirkham,Jayne Kirkham,Labour (Co-op),,,,jayne.kirkham.mp@parliament.uk
Gen,Kitchen,Gen Kitchen,Labour,Assistant Whip (HM Treasury),,,gen.kitchen.mp@parliament.uk
Mr,Paul Kohler,Mr Paul Kohler,Liberal Democrat,,,,paul.kohler.mp@parliament.uk
Danny,Kruger,Danny Kruger,Conservative,,,,danny.kruger.mp@parliament.uk
Sonia,Kumar,Sonia Kumar,Labour,,,,sonia.kumar.mp@parliament.uk
Uma,Kumaran,Uma Kumaran,Labour,,,,uma.kumaran.mp@parliament.uk
Peter,Kyle,Peter Kyle,Labour,"Secretary of State for Science, Innovation and Technology",,,peter.kyle.mp@parliament.uk
Laura,Kyrke-Smith,Laura Kyrke-Smith,Labour,,,,laura.kyrkesmith.mp@parliament.uk
Ben,Lake,Ben Lake,Plaid Cymru,,,,ben.lake.mp@parliament.uk
Katie,Lam,Katie Lam,Conservative,,,,katie.lam.mp@parliament.uk
Peter,Lamb,Peter Lamb,Labour,,,,peter.lamb.mp@parliament.uk
Mr,David Lammy,Mr David Lammy,Labour,"Secretary of State for Foreign, Commonwealth and Development Affairs",,,david.lammy.mp@parliament.uk
John,Lamont,John Lamont,Conservative,,,,john.lamont.mp@parliament.uk
Ian,Lavery,Ian Lavery,Labour,,,,ian.lavery.mp@parliament.uk
Chris,Law,Chris Law,Scottish National Party,,,,chris.law.mp@parliament.uk
Noah,Law,Noah Law,Labour,,,,noah.law.mp@parliament.uk
Kim,Leadbeater,Kim Leadbeater,Labour,,,,kim.leadbeater.mp@parliament.uk
Graham,Leadbitter,Graham Leadbitter,Scottish National Party,,,,graham.leadbitter.mp@parliament.uk
Sir,Edward Leigh,Sir Edward Leigh,Conservative,,,,edward.leigh.mp@parliament.uk
Brian,Leishman,Brian Leishman,Labour,,,,brian.leishman.mp@parliament.uk
Emma,Lewell,Emma Lewell,Labour,,,,emma.lewell-buck.mp@parliament.uk
Andrew,Lewin,Andrew Lewin,Labour,,,,andrew.lewin.mp@parliament.uk
Clive,Lewis,Clive Lewis,Labour,,,,clive.lewis.mp@parliament.uk
Sir,Julian Lewis,Sir Julian Lewis,Conservative,,,,
Simon,Lightwood,Simon Lightwood,Labour (Co-op),Minister for Local Transport,,,simon.lightwood.mp@parliament.uk
Carla,Lockhart,Carla Lockhart,Democratic Unionist Party,,,,carla.lockhart.mp@parliament.uk
Seamus,Logan,Seamus Logan,Scottish National Party,,,,seamus.logan.mp@parliament.uk
Rebecca,Long Bailey,Rebecca Long Bailey,Labour,,,,rebecca.longbailey.mp@parliament.uk
Julia,Lopez,Julia Lopez,Conservative,,,,julia.lopez.mp@parliament.uk
Rupert,Lowe,Rupert Lowe,Independent,,,,rupert.lowe.mp@parliament.uk
Josh,MacAlister,Josh MacAlister,Labour,,,,josh.macalister.mp@parliament.uk
Douglas,McAllister,Douglas McAllister,Labour,,,,douglas.mcallister.mp@parliament.uk
Kerry,McCarthy,Kerry McCarthy,Labour,Minister for Climate,,,kerry.mccarthy.mp@parliament.uk
James,MacCleary,James MacCleary,Liberal Democrat,,,,james.maccleary.mp@parliament.uk
Martin,McCluskey,Martin McCluskey,Labour,Assistant Whip (HM Treasury),,,martin.mccluskey.mp@parliament.uk
Dame,Siobhain McDonagh,Dame Siobhain McDonagh,Labour,,,,mcdonaghs@parliament.uk
Andy,McDonald,Andy McDonald,Labour,,,,andy.mcdonald.2nd@parliament.uk
Chris,McDonald,Chris McDonald,Labour,,,,chris.mcdonald.mp@parliament.uk
Alice,Macdonald,Alice Macdonald,Labour (Co-op),,,,alice.macdonald.mp@parliament.uk
Mr,Angus MacDonald,Mr Angus MacDonald,Liberal Democrat,,,,angus.macdonald.mp@parliament.uk
John,McDonnell,John McDonnell,Independent,,,,mcdonnellj@parliament.uk
Blair,McDougall,Blair McDougall,Labour,,,,blair.mcdougall.mp@parliament.uk
Lola,McEvoy,Lola McEvoy,Labour,,,,lola.mcevoy.mp@parliament.uk
Pat,McFadden,Pat McFadden,Labour,Chancellor of the Duchy of Lancaster,,,mcfaddenp@parliament.uk
Alison,McGovern,Alison McGovern,Labour,Minister for Employment,,,alison.mcgovern.mp@parliament.uk
Alex,McIntyre,Alex McIntyre,Labour,,,,alex.mcintyre.mp@parliament.uk
Gordon,McKee,Gordon McKee,Labour,,,,gordon.mckee.mp@parliament.uk
Kevin,McKenna,Kevin McKenna,Labour,,,,kevin.mckenna.mp@parliament.uk
Catherine,McKinnell,Catherine McKinnell,Labour,Minister for School Standards,,,catherine.mckinnell.mp@parliament.uk
Jim,McMahon,Jim McMahon,Labour (Co-op),Minister for Local Government and English Devolution,,,jim.mcmahon.mp@parliament.uk
Anna,McMorrin,Anna McMorrin,Labour,Assistant Whip (HM Treasury),,,anna.mcmorrin.mp@parliament.uk
James,McMurdock,James McMurdock,Reform UK,,,,james.mcmurdock.mp@parliament.uk
Andy,MacNae,Andy MacNae,Labour,,,,andy.macnae.mp@parliament.uk
Frank,McNally,Frank McNally,Labour,,,,frank.mcnally.mp@parliament.uk
Kirsty,McNeill,Kirsty McNeill,Labour (Co-op),Parliamentary Under-Secretary of State,,,kirsty.mcneill.mp@parliament.uk
Esther,McVey,Esther McVey,Conservative,,,,esther.mcvey.mp@parliament.uk
Justin,Madders,Justin Madders,Labour,"Minister for Employment Rights, Competition and Markets",,,justin.madders.mp@parliament.uk
Ben,Maguire,Ben Maguire,Liberal Democrat,,,,ben.maguire.mp@parliament.uk
Helen,Maguire,Helen Maguire,Liberal Democrat,,,,helen.maguire.mp@parliament.uk
Shabana,Mahmood,Shabana Mahmood,Labour,Secretary of State for Justice and Lord Chancellor,,,shabana.mahmood.mp@parliament.uk
Alan,Mak,Alan Mak,Conservative,,,,alan.mak.mp@parliament.uk
Seema,Malhotra,Seema Malhotra,Labour (Co-op),Minister for Migration and Citizenship,,,seema.malhotra.mp@parliament.uk
Mr,Cathal Mallaghan,Mr Cathal Mallaghan,Sinn Féin,,,,cathal.mallaghan.mp@parliament.uk
Kit,Malthouse,Kit Malthouse,Conservative,,,,kit.malthouse.mp@parliament.uk
Amanda,Martin,Amanda Martin,Labour,,,,amanda.martin.mp@parliament.uk
Mike,Martin,Mike Martin,Liberal Democrat,,,,mike.martin.mp@parliament.uk
Rachael,Maskell,Rachael Maskell,Labour (Co-op),,,,rachael.maskell.mp@parliament.uk
Paul,Maskey,Paul Maskey,Sinn Féin,,,,paul.maskey.mp@parliament.uk
Keir,Mather,Keir Mather,Labour,Assistant Whip (HM Treasury),,,keir.mather.mp@parliament.uk
Brian,Mathew,Brian Mathew,Liberal Democrat,,,,brian.mathew.mp@parliament.uk
Alex,Mayer,Alex Mayer,Labour,,,,alex.mayer.mp@parliament.uk
Jerome,Mayhew,Jerome Mayhew,Conservative,,,,jerome.mayhew.mp@parliament.uk
Charlie,Maynard,Charlie Maynard,Liberal Democrat,,,,charlie.maynard.mp@parliament.uk
Llinos,Medi,Llinos Medi,Plaid Cymru,,,,llinos.medi.mp@parliament.uk
Anneliese,Midgley,Anneliese Midgley,Labour,,,,anneliese.midgley.mp@parliament.uk
Ed,Miliband,Ed Miliband,Labour,Secretary of State for Energy Security and Net Zero,,,ed.miliband.mp@parliament.uk
Calum,Miller,Calum Miller,Liberal Democrat,,,,calum.miller.mp@parliament.uk
John,Milne,John Milne,Liberal Democrat,,,,john.milne.mp@parliament.uk
Ms,Julie Minns,Ms Julie Minns,Labour,,,,julie.minns.mp@parliament.uk
Navendu,Mishra,Navendu Mishra,Labour,,,,navendu.mishra.mp@parliament.uk
Sir,Andrew Mitchell,Sir Andrew Mitchell,Conservative,,,,andrew.mitchell.mp@parliament.uk
Abtisam,Mohamed,Abtisam Mohamed,Labour,,,,abtisam.mohamed.mp@parliament.uk
Iqbal,Mohamed,Iqbal Mohamed,Independent,,,,iqbal.mohamed.mp@parliament.uk
Mr,Gagan Mohindra,Mr Gagan Mohindra,Conservative,,,,gagan.mohindra.mp@parliament.uk
Perran,Moon,Perran Moon,Labour,,,,perran.moon.mp@parliament.uk
Robbie,Moore,Robbie Moore,Conservative,,,,robbie.moore.mp@parliament.uk
Layla,Moran,Layla Moran,Liberal Democrat,,,,layla.moran.mp@parliament.uk
Jessica,Morden,Jessica Morden,Labour,,,,mordenj@parliament.uk
Edward,Morello,Edward Morello,Liberal Democrat,,,,edward.morello.mp@parliament.uk
Helen,Morgan,Helen Morgan,Liberal Democrat,,,,helen.morgan.mp@parliament.uk
Stephen,Morgan,Stephen Morgan,Labour,Minister for Early Education,,,stephen.morgan.mp@parliament.uk
Grahame,Morris,Grahame Morris,Labour,,,,grahame.morris.mp@parliament.uk
Joe,Morris,Joe Morris,Labour,,,,joe.morris.mp@parliament.uk
Tom,Morrison,Tom Morrison,Liberal Democrat,,,,tom.morrison.mp@parliament.uk
Joy,Morrissey,Joy Morrissey,Conservative,,,,joy.morrissey.mp@parliament.uk
Wendy,Morton,Wendy Morton,Conservative,,,,wendy.morton.mp@parliament.uk
Dr,Kieran Mullan,Dr Kieran Mullan,Conservative,,,,kieran.mullan.mp@parliament.uk
Margaret,Mullane,Margaret Mullane,Labour,,,,margaret.mullane.mp@parliament.uk
David,Mundell,David Mundell,Conservative,,,,david.mundell.mp@parliament.uk
Tessa,Munt,Tessa Munt,Liberal Democrat,,,,tessa.munt.mp@parliament.uk
Luke,Murphy,Luke Murphy,Labour,,,,luke.murphy.mp@parliament.uk
Chris,Murray,Chris Murray,Labour,,,,chris.murray.mp@parliament.uk
Ian,Murray,Ian Murray,Labour,Secretary of State for Scotland,,,ian.murray.mp@parliament.uk
James,Murray,James Murray,Labour (Co-op),Exchequer Secretary,,,james.murray.mp@parliament.uk
Katrina,Murray,Katrina Murray,Labour,,,,katrina.murray.mp@parliament.uk
Susan,Murray,Susan Murray,Liberal Democrat,,,,susan.murray.mp@parliament.uk
Dr,Andrew Murrison,Dr Andrew Murrison,Conservative,,,,murrisona@parliament.uk
Luke,Myer,Luke Myer,Labour,,,,luke.myer.mp@parliament.uk
James,Naish,James Naish,Labour,,,,james.naish.mp@parliament.uk
Connor,Naismith,Connor Naismith,Labour,,,,connor.naismith.mp@parliament.uk
Lisa,Nandy,Lisa Nandy,Labour,"Secretary of State for Culture, Media and Sport",,,lisa.nandy.mp@parliament.uk
Kanishka,Narayan,Kanishka Narayan,Labour,,,,kanishka.narayan.mp@parliament.uk
Pamela,Nash,Pamela Nash,Labour,,,,pamela.nash.mp@parliament.uk
Josh,Newbury,Josh Newbury,Labour,,,,josh.newbury.mp@parliament.uk
Samantha,Niblett,Samantha Niblett,Labour,,,,samantha.niblett.mp@parliament.uk
Charlotte,Nichols,Charlotte Nichols,Labour,,,,charlotte.nichols.mp@parliament.uk
Caroline,Nokes,Caroline Nokes,Conservative,,,,caroline.nokes.mp@parliament.uk
Jesse,Norman,Jesse Norman,Conservative,,,,jesse.norman.mp@parliament.uk
Alex,Norris,Alex Norris,Labour (Co-op),"Minister for Building Safety, Fire and Local Growth",,,alex.norris.mp@parliament.uk
Dan,Norris,Dan Norris,Independent,,,,dan.norris.mp@parliament.uk
Ben,Obese-Jecty,Ben Obese-Jecty,Conservative,,,,ben.obesejecty.mp@parliament.uk
Neil,O'Brien,Neil O'Brien,Conservative,,,,neil.obrien.mp@parliament.uk
Brendan,O'Hara,Brendan O'Hara,Scottish National Party,,,,brendan.ohara.mp@parliament.uk
Sarah,Olney,Sarah Olney,Liberal Democrat,,,,sarah.olney.mp@parliament.uk
Melanie,Onn,Melanie Onn,Labour,,,,melanie.onn.mp@parliament.uk
Dame,Chi Onwurah,Dame Chi Onwurah,,,,,
Dr,Simon Opher,Dr Simon Opher,Labour,,,,simon.opher.mp@parliament.uk
Ms,Abena Oppong-Asare,Ms Abena Oppong-Asare,Labour,Parliamentary Secretary,,,abena.oppongasare.mp@parliament.uk
Kate,Osamor,Kate Osamor,Labour (Co-op),,,,kate.osamor.mp@parliament.uk
Kate,Osborne,Kate Osborne,Labour,,,,kate.osborne.mp@parliament.uk
Tristan,Osborne,Tristan Osborne,Labour,,,,tristan.osborne.mp@parliament.uk
Taiwo,Owatemi,Taiwo Owatemi,Labour,Lord Commissioner (Whip),,,taiwo.owatemi.mp@parliament.uk
Sarah,Owen,Sarah Owen,Labour,,,,sarah.owen.mp@parliament.uk
Darren,Paffey,Darren Paffey,Labour,,,,darren.paffey.mp@parliament.uk
Andrew,Pakes,Andrew Pakes,Labour (Co-op),,,,andrew.pakes.mp@parliament.uk
Priti,Patel,Priti Patel,Conservative,,,,withammp@parliament.uk
Matthew,Patrick,Matthew Patrick,Labour,,,,matthew.patrick.mp@parliament.uk
Rebecca,Paul,Rebecca Paul,Conservative,,,,rebecca.paul.mp@parliament.uk
Michael,Payne,Michael Payne,Labour,,,,michael.payne.mp@parliament.uk
Stephanie,Peacock,Stephanie Peacock,Labour,"Minister for Sport, Media, Civil Society and Youth",,,stephanie.peacock.mp@parliament.uk
Jon,Pearce,Jon Pearce,Labour,,,,jon.pearce.mp@parliament.uk
Matthew,Pennycook,Matthew Pennycook,Labour,Minister for Housing and Planning,,,matthew.pennycook.mp@parliament.uk
Mr,Toby Perkins,Mr Toby Perkins,Labour,,,,toby.perkins.mp@parliament.uk
Manuela,Perteghella,Manuela Perteghella,Liberal Democrat,,,,manuela.perteghella.mp@parliament.uk
Jess,Phillips,Jess Phillips,Labour,Minister for Safeguarding and Violence Against Women and Girls,,,jess.phillips.mp@parliament.uk
Bridget,Phillipson,Bridget Phillipson,Labour,Secretary of State for Education,,,bridget.phillipson.mp@parliament.uk
Chris,Philp,Chris Philp,Conservative,,,,chris.philp.mp@parliament.uk
Dr,Al Pinkerton,Dr Al Pinkerton,Liberal Democrat,,,,al.pinkerton.mp@parliament.uk
David,Pinto-Duschinsky,David Pinto-Duschinsky,Labour,,,,david.pintoduschinsky.mp@parliament.uk
Lee,Pitcher,Lee Pitcher,Labour,,,,lee.pitcher.mp@parliament.uk
Jo,Platt,Jo Platt,Labour (Co-op),,,,jo.platt.mp@parliament.uk
Sarah,Pochin,Sarah Pochin,Reform UK,,,,sarah.pochin.mp@parliament.uk
Luke,Pollard,Luke Pollard,Labour (Co-op),Minister for the Armed Forces,,,luke.pollard.mp@parliament.uk
Joe,Powell,Joe Powell,Labour,,,,joe.powell.mp@parliament.uk
Lucy,Powell,Lucy Powell,Labour (Co-op),Lord President of the Council,,,contact@lucypowell.org.uk
Gregor,Poynton,Gregor Poynton,Labour,,,,gregor.poynton.mp@parliament.uk
Peter,Prinsley,Peter Prinsley,Labour,,,,peter.prinsley.mp@parliament.uk
Mark,Pritchard,Mark Pritchard,Conservative,,,,mark.pritchard.mp@parliament.uk
Mr,Richard Quigley,Mr Richard Quigley,Labour,,,,richard.quigley.mp@parliament.uk
Yasmin,Qureshi,Yasmin Qureshi,Labour,,,,yasmin.qureshi.mp@parliament.uk
Steve,Race,Steve Race,Labour,,,,steve.race.mp@parliament.uk
Shivani,Raja,Shivani Raja,Conservative,,,,shivani.raja.mp@parliament.uk
Adrian,Ramsay,Adrian Ramsay,Green Party,,,,adrian.ramsay.mp@parliament.uk
Mr,Connor Rand,Mr Connor Rand,Labour,,,,connor.rand.mp@parliament.uk
Andrew,Ranger,Andrew Ranger,Labour,,,,andrew.ranger.mp@parliament.uk
Jack,Rankin,Jack Rankin,Conservative,,,,jack.rankin.mp@parliament.uk
Angela,Rayner,Angela Rayner,Labour,Deputy Prime Minister,,,angela.rayner.mp@parliament.uk
Mike,Reader,Mike Reader,Labour,,,,mike.reader.mp@parliament.uk
David,Reed,David Reed,Conservative,,,,david.reed.mp@parliament.uk
Steve,Reed,Steve Reed,Labour (Co-op),"Secretary of State for Environment, Food and Rural Affairs",,,steve.reed.mp@parliament.uk
Ellie,Reeves,Ellie Reeves,Labour,Minister without Portfolio,,,ellie.reeves.mp@parliament.uk
Rachel,Reeves,Rachel Reeves,Labour,Chancellor of the Exchequer,,,rachel.reeves.mp@parliament.uk
Joani,Reid,Joani Reid,Labour,,,,joani.reid.mp@parliament.uk
Emma,Reynolds,Emma Reynolds,Labour,Economic Secretary,,,emma.reynolds.mp@parliament.uk
Jonathan,Reynolds,Jonathan Reynolds,Labour (Co-op),Secretary of State for Business and Trade,,,jonathan.reynolds.mp@parliament.uk
Mr,Joshua Reynolds,Mr Joshua Reynolds,Liberal Democrat,,,,joshua.reynolds.mp@parliament.uk
Martin,Rhodes,Martin Rhodes,Labour,,,,martin.rhodes.mp@parliament.uk
Bell,Ribeiro-Addy,Bell Ribeiro-Addy,Labour,,,,bell.ribeiroaddy.mp@parliament.uk
Jake,Richards,Jake Richards,Labour,,,,jake.richards.mp@parliament.uk
Jenny,Riddell-Carpenter,Jenny Riddell-Carpenter,Labour,,,,jenny.riddellcarpenter.mp@parliament.uk
Lucy,Rigby,Lucy Rigby,Labour,Solicitor General,,,lucy.rigby.mp@parliament.uk
Ms,Marie Rimmer,Ms Marie Rimmer,Labour,,,,marie.rimmer.mp@parliament.uk
Dave,Robertson,Dave Robertson,Labour,,,,dave.robertson.mp@parliament.uk
Joe,Robertson,Joe Robertson,Conservative,,,,joe.robertson.mp@parliament.uk
Gavin,Robinson,Gavin Robinson,Democratic Unionist Party,,,,gavin.robinson.mp@parliament.uk
Tim,Roca,Tim Roca,Labour,,,,tim.roca.mp@parliament.uk
Matt,Rodda,Matt Rodda,Labour,,,,matt.rodda.mp@parliament.uk
Ian,Roome,Ian Roome,Liberal Democrat,,,,ian.roome.mp@parliament.uk
Andrew,Rosindell,Andrew Rosindell,Conservative,,,,andrew.rosindell.mp@parliament.uk
Sam,Rushworth,Sam Rushworth,Labour,,,,sam.rushworth.mp@parliament.uk
Sarah,Russell,Sarah Russell,Labour,,,,sarah.russell.mp@parliament.uk
Tom,Rutland,Tom Rutland,Labour,,,,tom.rutland.mp@parliament.uk
Oliver,Ryan,Oliver Ryan,Independent,,,,oliver.ryan.mp@parliament.uk
Anna,Sabine,Anna Sabine,Liberal Democrat,,,,anna.sabine.mp@parliament.uk
Sarah,Sackman,Sarah Sackman,Labour,Minister of State,,,sarah.sackman.mp@parliament.uk
Dr,Jeevun Sandher,Dr Jeevun Sandher,Labour,,,,jeevun.sandher.mp@parliament.uk
Dr,Roz Savage,Dr Roz Savage,Liberal Democrat,,,,roz.savage.mp@parliament.uk
Liz,Saville Roberts,Liz Saville Roberts,Plaid Cymru,,,,liz.savilleroberts.mp@parliament.uk
Michelle,Scrogham,Michelle Scrogham,Labour,,,,michelle.scrogham.mp@parliament.uk
Mark,Sewards,Mark Sewards,Labour,,,,mark.sewards.mp@parliament.uk
Naz,Shah,Naz Shah,Labour,,,,naz.shah.mp@parliament.uk
Baggy,Shanker,Baggy Shanker,Labour (Co-op),,,,baggy.shanker.mp@parliament.uk
Michael,Shanks,Michael Shanks,Labour,Minister for Energy,,,michael.shanks.mp@parliament.uk
Jim,Shannon,Jim Shannon,Democratic Unionist Party,,,,jim.shannon.mp@parliament.uk
Dr,Neil Shastri-Hurst,Dr Neil Shastri-Hurst,Conservative,,,,neil.shastrihurst.mp@parliament.uk
Sir,Alec Shelbrooke,Sir Alec Shelbrooke,Conservative,,,,alec.shelbrooke.mp@parliament.uk
Tulip,Siddiq,Tulip Siddiq,Labour,,,,tulip.siddiq.mp@parliament.uk
David,Simmonds,David Simmonds,Conservative,,,,david.simmonds.mp@parliament.uk
Josh,Simons,Josh Simons,Labour,,,,josh.simons.mp@parliament.uk
Vikki,Slade,Vikki Slade,Liberal Democrat,,,,vikki.slade.mp@parliament.uk
Andy,Slaughter,Andy Slaughter,Labour,,,,slaughtera@parliament.uk
John,Slinger,John Slinger,Labour,,,,john.slinger.mp@parliament.uk
Lisa,Smart,Lisa Smart,Liberal Democrat,,,,lisa.smart.mp@parliament.uk
Cat,Smith,Cat Smith,Labour,,,,cat.smith.mp@parliament.uk
David,Smith,David Smith,Labour,,,,david.smith.mp@parliament.uk
Greg,Smith,Greg Smith,Conservative,,,,greg.smith.mp@parliament.uk
Jeff,Smith,Jeff Smith,Labour,Lord Commissioner (Whip),,,jeff.smith.mp@parliament.uk
Sir,Julian Smith,Sir Julian Smith,Conservative,,,,julian.smith.mp@parliament.uk
Nick,Smith,Nick Smith,Labour,,,,nick.smith.mp@parliament.uk
Rebecca,Smith,Rebecca Smith,Conservative,,,,rebecca.smith.mp@parliament.uk
Sarah,Smith,Sarah Smith,Labour,,,,sarah.smith.mp@parliament.uk
Karin,Smyth,Karin Smyth,Labour,Minister for Secondary Care,,,karin.smyth.mp@parliament.uk
Gareth,Snell,Gareth Snell,Labour (Co-op),,,,gareth.snell.mp@parliament.uk
Mr,Andrew Snowden,Mr Andrew Snowden,Conservative,,,,andrew.snowden.mp@parliament.uk
Alex,Sobel,Alex Sobel,Labour (Co-op),,,,alex.sobel.mp@parliament.uk
Ian,Sollom,Ian Sollom,Liberal Democrat,,,,ian.sollom.mp@parliament.uk
Dr,Ben Spencer,Dr Ben Spencer,Conservative,,,,ben.spencer.mp@parliament.uk
Patrick,Spencer,Patrick Spencer,Independent,,,,patrick.spencer.mp@parliament.uk
Gregory,Stafford,Gregory Stafford,Conservative,,,,greg.stafford.mp@parliament.uk
Euan,Stainbank,Euan Stainbank,Labour,,,,euan.stainbank.mp@parliament.uk
Sir,Keir Starmer,Sir Keir Starmer,Labour,Prime Minister,,,keir.starmer.mp@parliament.uk
Blake,Stephenson,Blake Stephenson,Conservative,,,,blake.stephenson.mp@parliament.uk
Jo,Stevens,Jo Stevens,Labour,Secretary of State for Wales,,,jo.stevens.mp@parliament.uk
Kenneth,Stevenson,Kenneth Stevenson,Labour,,,,kenneth.stevenson.mp@parliament.uk
Elaine,Stewart,Elaine Stewart,Labour,,,,elaine.stewart.mp@parliament.uk
Jamie,Stone,Jamie Stone,Liberal Democrat,,,,jamie.stone.mp@parliament.uk
Will,Stone,Will Stone,Labour,,,,will.stone.mp@parliament.uk
Alistair,Strathern,Alistair Strathern,Labour,,,,alistair.strathern.mp@parliament.uk
Wes,Streeting,Wes Streeting,Labour,Secretary of State for Health and Social Care,,,wes.streeting.mp@parliament.uk
Alan,Strickland,Alan Strickland,Labour,,,,alan.strickland.mp@parliament.uk
Sir,Mel Stride,Sir Mel Stride,Conservative,,,,mel.stride.mp@parliament.uk
Graham,Stringer,Graham Stringer,Labour,,,,graham.stringer.mp@parliament.uk
Graham,Stuart,Graham Stuart,Conservative,,,,grahamstuartmp@parliament.uk
Kirsteen,Sullivan,Kirsteen Sullivan,Labour (Co-op),,,,kirsteen.sullivan.mp@parliament.uk
Dr,Lauren Sullivan,Dr Lauren Sullivan,Labour,,,,lauren.sullivan.mp@parliament.uk
Zarah,Sultana,Zarah Sultana,Independent,,,,zarah.sultana.mp@parliament.uk
Rishi,Sunak,Rishi Sunak,Conservative,,,,rishi.sunak.mp@parliament.uk
Peter,Swallow,Peter Swallow,Labour,,,,peter.swallow.mp@parliament.uk
Robin,Swann,Robin Swann,Ulster Unionist Party,,,,robin.swann.mp@parliament.uk
Sir,Desmond Swayne,Sir Desmond Swayne,Conservative,,,,swayned@parliament.uk
Sir,Mark Tami,Sir Mark Tami,,Treasurer of HM Household (Deputy Chief Whip),,,
Mike,Tapp,Mike Tapp,Labour,,,,mike.tapp.mp@parliament.uk
Alison,Taylor,Alison Taylor,Labour,,,,alison.taylor.mp@parliament.uk
David,Taylor,David Taylor,Labour,,,,david.taylor.mp@parliament.uk
Luke,Taylor,Luke Taylor,Liberal Democrat,,,,luke.taylor.mp@parliament.uk
Rachel,Taylor,Rachel Taylor,Labour,,,,rachel.taylor.mp@parliament.uk
Bradley,Thomas,Bradley Thomas,Conservative,,,,bradley.thomas.mp@parliament.uk
Cameron,Thomas,Cameron Thomas,Liberal Democrat,,,,cameron.thomas.mp@parliament.uk
Fred,Thomas,Fred Thomas,Labour,,,,fred.thomas.mp@parliament.uk
Gareth,Thomas,Gareth Thomas,Labour (Co-op),"Minister for Services, Small Business and Exports",,,gareth.thomas.mp@parliament.uk
Nick,Thomas-Symonds,Nick Thomas-Symonds,Labour,Minister for the Constitution and European Relations,,,nick.thomassymonds.mp@parliament.uk
Adam,Thompson,Adam Thompson,Labour,,,,adam.thompson.mp@parliament.uk
Emily,Thornberry,Emily Thornberry,Labour,,,,thornberrye@parliament.uk
Richard,Tice,Richard Tice,Reform UK,,,,richard.tice.mp@parliament.uk
Dr,Marie Tidball,Dr Marie Tidball,Labour,,,,marie.tidball.mp@parliament.uk
Sir,Stephen Timms,Sir Stephen Timms,Labour,Minister for Social Security and Disability,,,timmss@parliament.uk
Nick,Timothy,Nick Timothy,Conservative,,,,nick.timothy.mp@parliament.uk
Jessica,Toale,Jessica Toale,Labour,,,,jessica.toale.mp@parliament.uk
Dan,Tomlinson,Dan Tomlinson,Labour,,,,dan.tomlinson.mp@parliament.uk
Jon,Trickett,Jon Trickett,Labour,,,,trickettj@parliament.uk
Laura,Trott,Laura Trott,Conservative,,,,laura.trott.mp@parliament.uk
Henry,Tufnell,Henry Tufnell,Labour,,,,henry.tufnell.mp@parliament.uk
Tom,Tugendhat,Tom Tugendhat,Conservative,,,,tom.tugendhat.mp@parliament.uk
Anna,Turley,Anna Turley,Labour (Co-op),Lord Commissioner (Whip),,,anna.turley.mp@parliament.uk
Matt,Turmaine,Matt Turmaine,Labour,,,,matt.turmaine.mp@parliament.uk
Karl,Turner,Karl Turner,Labour,,,,karl.turner.mp@parliament.uk
Laurence,Turner,Laurence Turner,Labour,,,,laurence.turner.mp@parliament.uk
Derek,Twigg,Derek Twigg,Labour,,,,derek.twigg.mp@parliament.uk
Liz,Twist,Liz Twist,Labour,,,,liz.twist.mp@parliament.uk
Harpreet,Uppal,Harpreet Uppal,Labour,,,,harpreet.uppal.mp@parliament.uk
Freddie,van Mierlo,Freddie van Mierlo,Liberal Democrat,,,,freddie.vanmierlo.mp@parliament.uk
Tony,Vaughan,Tony Vaughan,Labour,,,,tony.vaughan.mp@parliament.uk
Valerie,Vaz,Valerie Vaz,Labour,,,,valerie.vaz.mp@parliament.uk
Martin,Vickers,Martin Vickers,Conservative,,,,martin.vickers.mp@parliament.uk
Matt,Vickers,Matt Vickers,Conservative,,,,matt.vickers.mp@parliament.uk
Chris,Vince,Chris Vince,Labour (Co-op),,,,chris.vince.mp@parliament.uk
Caroline,Voaden,Caroline Voaden,Liberal Democrat,,,,caroline.voaden.mp@parliament.uk
Christian,Wakeford,Christian Wakeford,Labour,Assistant Whip (HM Treasury),,,christian.wakeford.mp@parliament.uk
Imogen,Walker,Imogen Walker,Labour,,,,imogen.walker.mp@parliament.uk
Chris,Ward,Chris Ward,Labour,,,,chris.ward.mp@parliament.uk
Melanie,Ward,Melanie Ward,Labour,,,,melanie.ward.mp@parliament.uk
Paul,Waugh,Paul Waugh,Labour (Co-op),,,,paul.waugh.mp@parliament.uk
Chris,Webb,Chris Webb,Labour,,,,chris.webb.mp@parliament.uk
Michelle,Welsh,Michelle Welsh,Labour,,,,michelle.welsh.mp@parliament.uk
Catherine,West,Catherine West,Labour,Minister for the Indo-Pacific,,,catherine.west.mp@parliament.uk
Andrew,Western,Andrew Western,Labour,Minister for Transformation,,,andrew.western.mp@parliament.uk
Matt,Western,Matt Western,Labour,,,,matt.western.mp@parliament.uk
Helen,Whately,Helen Whately,Conservative,,,,helen.whately.mp@parliament.uk
Michael,Wheeler,Michael Wheeler,Labour,,,,michael.wheeler.mp@parliament.uk
John,Whitby,John Whitby,Labour,,,,john.whitby.mp@parliament.uk
Jo,White,Jo White,Labour,,,,jo.white.mp@parliament.uk
Katie,White,Katie White,Labour,,,,katie.white.mp@parliament.uk
Sir,John Whittingdale,Sir John Whittingdale,Conservative,,,,john.whittingdale.mp@parliament.uk
Nadia,Whittome,Nadia Whittome,Labour,,,,nadia.whittome.mp@parliament.uk
James,Wild,James Wild,Conservative,,,,james.wild.mp@parliament.uk
Max,Wilkinson,Max Wilkinson,Liberal Democrat,,,,max.wilkinson.mp@parliament.uk
David,Williams,David Williams,Labour,,,,david.williams.mp@parliament.uk
Sir,Gavin Williamson,Sir Gavin Williamson,Conservative,,,,gavin.williamson.mp@parliament.uk
Munira,Wilson,Munira Wilson,Liberal Democrat,,,,munira.wilson.mp@parliament.uk
Sammy,Wilson,Sammy Wilson,Democratic Unionist Party,,,,barronj@parliament.uk
Pete,Wishart,Pete Wishart,Scottish National Party,,,,pete.wishart.mp@parliament.uk
Steve,Witherden,Steve Witherden,Labour,,,,steve.witherden.mp@parliament.uk
Mike,Wood,Mike Wood,Conservative,,,,mike.wood.mp@parliament.uk
Sean,Woodcock,Sean Woodcock,Labour,,,,sean.woodcock.mp@parliament.uk
Sir,Jeremy Wright,Sir Jeremy Wright,Conservative,,,,Jeremy.wright.mp@parliament.uk
Rosie,Wrighting,Rosie Wrighting,Labour,,,,rosie.wrighting.mp@parliament.uk
Martin,Wrigley,Martin Wrigley,Liberal Democrat,,,,martin.wrigley.mp@parliament.uk
Yuan,Yang,Yuan Yang,Labour,,,,yuan.yang.mp@parliament.uk
Mohammad,Yasin,Mohammad Yasin,Labour,,,,mohammad.yasin.mp@parliament.uk
Steve,Yemm,Steve Yemm,Labour,,,,steve.yemm.mp@parliament.uk
Claire,Young,Claire Young,Liberal Democrat,,,,claire.young.mp@parliament.uk
Daniel,Zeichner,Daniel Zeichner,Labour,Minister for Food Security and Rural Affairs,,,daniel@danielzeichner.co.uk
