given_name,family_name,other_names,display_name,full_title,gender,date_of_birth,date_of_death,phoneNumber
Lyn,Brown,,Baroness Brown of Silvertown,The Baroness Brown of Silvertown,Female,,,
Margaret,Hodge,,Baroness Hodge of Barking,The Rt Hon. the Baroness Hodge of Barking DBE,Female,,,
Elizabeth,Truss,Mary,Elizabeth Truss,Rt Hon Elizabeth Truss,Female,,,
Maria,Miller,Frances Lewis,Dame Maria Miller,Rt Hon Dame Maria Miller,Female,,,
Esther,McVey,Louise,Esther McVey,Rt Hon Esther McVey MP,Female,,,
Penelope,Mordaunt,Mary,Penny Mordaunt,Rt Hon Penny Mordaunt,Female,,,
Sharon,Hodgson,,Mrs Sharon Hodgson,Mrs Sharon Hodgson MP,Female,,,
Heather,Wheeler,Kay,Mrs Heather Wheeler,Mrs Heather Wheeler,Female,,,
Priti,Patel,Sushil,Priti Patel,Rt Hon Priti Patel MP,Female,,,
Harriet,Harman,,Baroness Harman,The Rt Hon. the Baroness Harman KC,Female,,,
Maria,Eagle,,Maria Eagle,Rt Hon Maria Eagle MP,Female,,,
Theresa,May,,Baroness May of Maidenhead,The Rt Hon. the Baroness May of Maidenhead,Female,,,
Rosie,Winterton,,Baroness Winterton of Doncaster,The Rt Hon. the Baroness Winterton of Doncaster DBE,Female,,,
Tracey,Crouch,Elizabeth Anne,Dame Tracey Crouch,Dame Tracey Crouch,Female,,,
Theresa,Villiers,Anne,Theresa Villiers,Rt Hon Theresa Villiers,Female,,,
Caroline,Dinenage,Julia,Dame Caroline Dinenage,Dame Caroline Dinenage MP,Female,,,
Andrea,Leadsom,Jacqueline,Andrea Leadsom,Rt Hon Andrea Leadsom,Female,,,
Karen,Buck,Patricia,Ms Karen Buck,Ms Karen Buck,Female,,,
Chloe,Smith,Rebecca,Chloe Smith,Rt Hon Chloe Smith,Female,,,
Helen,Grant,,Helen Grant,Helen Grant MP,Female,,,
Jacqueline,Doyle-Price,,Dame Jackie Doyle-Price,Dame Jackie Doyle-Price,Female,,,
Margaret,Beckett,,Baroness Beckett,The Rt Hon. the Baroness Beckett GBE,Female,,,
Dawn,Butler,Petula,Dawn Butler,Dawn Butler MP,Female,,,
Siobhain,McDonagh,Ann,Dame Siobhain McDonagh,Dame Siobhain McDonagh MP,Female,,,
Harriett,Baldwin,Mary Morison,Dame Harriett Baldwin,Dame Harriett Baldwin MP,Female,,,
Kerry,McCarthy,Gillian,Kerry McCarthy,Kerry McCarthy MP,Female,,,
Cheryl,Gillan,Elise Kendall,Dame Cheryl Gillan,Rt Hon Dame Cheryl Gillan,Female,,2021-04-04,
Caroline,Nokes,Fiona Ellen,Caroline Nokes,Rt Hon Caroline Nokes MP,Female,,,
Therese,Coffey,,Baroness Coffey,The Rt Hon. the Baroness Coffey DBE,Female,,,
Angela,Eagle,,Dame Angela Eagle,Dame Angela Eagle MP,Female,,,
Margaret,Hillier,Olivia,Dame Meg Hillier,Dame Meg Hillier MP,Female,,,
Barbara,Keeley,,Baroness Keeley,The Baroness Keeley,Female,,,
Rebecca,Harris,Elizabeth Scott,Rebecca Harris,Rebecca Harris MP,Female,,,
Diana,Johnson,Ruth,Dame Diana Johnson,Rt Hon Dame Diana Johnson MP,Female,,,
Yvette,Cooper,,Yvette Cooper,Rt Hon Yvette Cooper MP,Female,,,
Karen,Bradley,Anne,Dame Karen Bradley,Rt Hon Dame Karen Bradley MP,Female,,,
Eleanor,Laing,,Baroness Laing of Elderslie,The Rt Hon. the Baroness Laing of Elderslie DBE,Female,,,
Diane,Abbott,Julie,Ms Diane Abbott,Rt Hon Diane Abbott MP,Female,,,
Rosemary,Cooper,Elizabeth,Rosie Cooper,Rosie Cooper,Female,,,
Nia,Griffith,Rhiannon,Dame Nia Griffith,Dame Nia Griffith MP,Female,,,
Nadine,Dorries,Vanessa,Ms Nadine Dorries,Rt Hon Nadine Dorries,Female,,,
Emily,Thornberry,,Emily Thornberry,Rt Hon Emily Thornberry MP,Female,,,
Lisa,Nandy,Eva,Lisa Nandy,Rt Hon Lisa Nandy MP,Female,,,
Mary,Glindon,Theresa,Mary Glindon,Mary Glindon MP,Female,,,
Catherine,McKinnell,,Catherine McKinnell,Catherine McKinnell MP,Female,,,
Emma,Lewell-Buck,Louise,Emma Lewell,Emma Lewell MP,Female,,,
Lucy,Allan,,Lucy Allan,Lucy Allan,Female,,,
Andrea,Jenkyns,Marie,Dame Andrea Jenkyns,Dame Andrea Jenkyns,Female,,,
Amanda,Milling,Anne,Dame Amanda Milling,Rt Hon Dame Amanda Milling,Female,,,
Catherine,Hollern,Malloy,Kate Hollern,Kate Hollern,Female,,,
Nusrat,Ul-Ghani,Munir,Ms Nusrat Ghani,Ms Nusrat Ghani MP,Female,,,
Rachael,Maskell,Helen,Rachael Maskell,Rachael Maskell MP,Female,,,
Carol,Monaghan,Frances,Carol Monaghan,Carol Monaghan,Female,,,
Margaret,Throup,Ann,Maggie Throup,Maggie Throup,Female,,,
Patricia,Gibson,,Patricia Gibson,Patricia Gibson,Female,,,
Joanna,Stevens,Meriel,Jo Stevens,Rt Hon Jo Stevens MP,Female,,,
Victoria,Prentis,Mary Boswell,Baroness Prentis of Banbury,The Rt Hon. the Baroness Prentis of Banbury KC,Female,,,
Tracy,Brabin,Lynn,Tracy Brabin,Tracy Brabin,Female,,,
Rupa,Huq,Asha,Dr Rupa Huq,Dr Rupa Huq MP,Female,,,
Helen,Hayes,Elizabeth,Helen Hayes,Helen Hayes MP,Female,,,
Mary,Twist,Elizabeth,Liz Twist,Liz Twist MP,Female,,,
Gillian,Keegan,,Gillian Keegan,Gillian Keegan,Female,,,
Fiona,Bruce,Claire,Fiona Bruce,Fiona Bruce,Female,,,
Stella,Creasy,Judith,Ms Stella Creasy,Ms Stella Creasy MP,Female,,,
Valerie,Vaz,Carol Marian,Valerie Vaz,Rt Hon Valerie Vaz MP,Female,,,
Katherine,Green,Anne,Kate Green,Kate Green,Female,,,
Johanna,Churchill,Peta,Jo Churchill,Jo Churchill,Female,,,
Philippa,Whitford,,Dr Philippa Whitford,Dr Philippa Whitford,Female,,,
Carolyn,Harris,,Carolyn Harris,Carolyn Harris MP,Female,,,
Mhairi,Black,,Mhairi Black,Mhairi Black,Female,,,
Sue-Ellen,Braverman,Cassiana,Suella Braverman,Rt Hon Suella Braverman KC MP,Female,,,
Kirsty,Blackman,Ann,Kirsty Blackman,Kirsty Blackman MP,Female,,,
Jessica,Phillips,Rose,Jess Phillips,Jess Phillips MP,Female,,,
Deidre,Brock,Leanne,Deidre Brock,Deidre Brock,Female,,,
Miriam,Davies,Jane Alice,Mims Davies,Mims Davies MP,Female,,,
Lucy,Leigh (Frazer),Claire,Lucy Frazer,Rt Hon Lucy Frazer KC,Female,,,
Layla,Moran,Michelle,Layla Moran,Layla Moran MP,Female,,,
Jessica,Morden,Elizabeth,Jessica Morden,Jessica Morden MP,Female,,,
Yasmin,Qureshi,,Yasmin Qureshi,Yasmin Qureshi MP,Female,,,
Caroline,Lucas,,Caroline Lucas,Caroline Lucas,Female,,,
Yvonne,Fovargue,Helen,Yvonne Fovargue,Yvonne Fovargue,Female,,,
Bridget,Phillipson,Maeve,Bridget Phillipson,Rt Hon Bridget Phillipson MP,Female,,,
Julie,Elliott,,Baroness Elliott of Whitburn Bay,The Baroness Elliott of Whitburn Bay,Female,,,
Anne Marie,Morris,,Anne Marie Morris,Anne Marie Morris,Female,,,
Kirsten,Oswald,Frances,Kirsten Oswald,Kirsten Oswald,Female,,,
Victoria,Foxcroft,Jane,Vicky Foxcroft,Vicky Foxcroft MP,Female,,,
Lisa,Cameron,,Dr Lisa Cameron,Dr Lisa Cameron,Female,,,
Alison,Thewliss,Emily,Alison Thewliss,Alison Thewliss,Female,,,
Kate,Osamor,Ofunne,Kate Osamor,Kate Osamor MP,Female,,,
Michelle,Donelan,Emma May Elizabeth,Michelle Donelan,Rt Hon Michelle Donelan,Female,,,
Rosemary,Duffield,Clare,Rosie Duffield,Rosie Duffield MP,Female,,,
Elizabeth,Kendall,Louise,Liz Kendall,Rt Hon Liz Kendall MP,Female,,,
Sheryll,Murray,,Mrs Sheryll Murray,Mrs Sheryll Murray,Female,,,
Rachel,Reeves,Jane,Rachel Reeves,Rt Hon Rachel Reeves MP,Female,,,
Pauline,Latham,Elizabeth,Mrs Pauline Latham,Mrs Pauline Latham,Female,,,
Ruth,Cadbury,Margaret,Ruth Cadbury,Ruth Cadbury MP,Female,,,
Kelly,Tolhurst,Jane,Kelly Tolhurst,Rt Hon Kelly Tolhurst,Female,,,
Amanda,Solloway,Jane,Amanda Solloway,Amanda Solloway,Female,,,
Julia,Lopez,Louise,Julia Lopez,Julia Lopez MP,Female,,,
Helen,Whately,Olivia Bicknell,Helen Whately,Helen Whately MP,Female,,,
Gillian,Furniss,,Gill Furniss,Gill Furniss MP,Female,,,
Rebecca,Clark (Pow),Faye,Rebecca Pow,Rebecca Pow,Female,,,
Catherine,West,Elizabeth,Catherine West,Catherine West MP,Female,,,
Wera,Hobhouse,Benedicta,Wera Hobhouse,Wera Hobhouse MP,Female,,,
Shabana,Mahmood,,Shabana Mahmood,Rt Hon Shabana Mahmood KC MP,Female,,,
Lilian,Greenwood,Rachel,Lilian Greenwood,Lilian Greenwood MP,Female,,,
Sarah,Champion,Deborah,Sarah Champion,Sarah Champion MP,Female,,,
Marion,Fellows,,Marion Fellows,Marion Fellows,Female,,,
Mary,Robinson,Josephine,Mary Robinson,Mary Robinson,Female,,,
Holly,Walker-Lynch,Jamie,Holly Lynch,Holly Lynch,Female,,,
Maria,Caulfield,Colette,Maria Caulfield,Maria Caulfield,Female,,,
Preet,Gill,Kaur,Preet Kaur Gill,Preet Kaur Gill MP,Female,,,
Seema,Malhotra-Saluja,,Seema Malhotra,Seema Malhotra MP,Female,,,
Trudy,Harrison,Lynne,Trudy Harrison,Trudy Harrison,Female,,,
Wendy,Morton,,Wendy Morton,Rt Hon Wendy Morton MP,Female,,,
Rachel,Maclean,Helen,Baroness Maclean of Redditch,The Baroness Maclean of Redditch,Female,,,
Caroline,Ansell,,Caroline Ansell,Caroline Ansell,Female,,,
Margaret,Greenwood,,Margaret Greenwood,Margaret Greenwood,Female,,,
Marie,Rimmer,Elizabeth,Ms Marie Rimmer,Ms Marie Rimmer MP,Female,,,
Christina,Rees,Elizabeth,Christina Rees,Christina Rees,Female,,,
Chinyelu,Onwurah,Susan,Dame Chi Onwurah,Dame Chi Onwurah MP,Female,,,
Deborah,Abrahams,Angela Elspeth Marie,Debbie Abrahams,Debbie Abrahams MP,Female,,,
Joanna,Cherry,Catherine,Joanna Cherry,Joanna Cherry KC,Female,,,
Catherine,Smith,Jane,Cat Smith,Cat Smith MP,Female,,,
Caroline,Johnson,Elizabeth,Dr Caroline Johnson,Dr Caroline Johnson MP,Female,,,
Elizabeth,Roberts,Saville,Liz Saville Roberts,Rt Hon Liz Saville Roberts MP,Female,,,
Alison,McGovern,,Alison McGovern,Alison McGovern MP,Female,,,
Rushanara,Ali,,Rushanara Ali,Rushanara Ali MP,Female,,,
Lucy,Powell,Maria,Lucy Powell,Rt Hon Lucy Powell MP,Female,,,
Victoria,Atkins,,Victoria Atkins,Rt Hon Victoria Atkins MP,Female,,,
Christine,Jardine,Anne,Christine Jardine,Christine Jardine MP,Female,,,
Angela,Crawley,,Angela Crawley,Angela Crawley,Female,,,
Anna,McMorrin,Rhiannon,Anna McMorrin,Anna McMorrin MP,Female,,,
Naseem,Shah,Akhter,Naz Shah,Naz Shah MP,Female,,,
Karin,Smyth,Marguerite,Karin Smyth,Karin Smyth MP,Female,,,
Sarah,Jones,Ann,Sarah Jones,Sarah Jones MP,Female,,,
Tulip,Siddiq,Rizwana,Tulip Siddiq,Tulip Siddiq MP,Female,,,
Emma,Hardy,Ann,Emma Hardy,Emma Hardy MP,Female,,,
Olukemi,Badenoch,Olufunto,Mrs Kemi Badenoch,Rt Hon Kemi Badenoch MP,Female,,,
Eleanor,Reeves,Claire,Ellie Reeves,Rt Hon Ellie Reeves MP,Female,,,
Marsha,De Cordova,Chantal,Marsha De Cordova,Marsha De Cordova MP,Female,,,
Felicia,Drummond,Jane Beatrix,Mrs Flick Drummond,Mrs Flick Drummond,Female,,,
Angela,Rayner,,Angela Rayner,Rt Hon Angela Rayner MP,Female,,,
Judith,Cummins,Mary,Judith Cummins,Judith Cummins MP,Female,,,
Anne-Marie,Trevelyan,Belinda,Anne-Marie Trevelyan,Rt Hon Anne-Marie Trevelyan,Female,,,
Margaret,Ferrier,,Margaret Ferrier,Margaret Ferrier,Female,,,
Hannah,Bardell,Mary,Hannah Bardell,Hannah Bardell,Female,,,
Rebecca,Long-Bailey,,Rebecca Long Bailey,Rebecca Long Bailey MP,Female,,,
Anneliese,Dodds,Jane,Anneliese Dodds,Rt Hon Anneliese Dodds MP,Female,,,
Rosena,Allin-Khan,Chantelle,Dr Rosena Allin-Khan,Dr Rosena Allin-Khan MP,Female,,,
Louise,Haigh,Margaret,Louise Haigh,Rt Hon Louise Haigh MP,Female,,,
Colleen,Fletcher,Margaret,Colleen Fletcher,Colleen Fletcher,Female,,,
Thangam,Debbonaire,,Baroness Debbonaire,The Baroness Debbonaire,Female,,,
Antonia,Antoniazzi,Louise,Tonia Antoniazzi,Tonia Antoniazzi MP,Female,,,
Victoria,Ford,Grace,Vicky Ford,Rt Hon Vicky Ford,Female,,,
Stephanie,Peacock,Louise,Stephanie Peacock,Stephanie Peacock MP,Female,,,
Elizabeth Anne,McLaughlin,,Anne McLaughlin,Anne McLaughlin,Female,,,
Michelle,Gildernew,Angela,Michelle Gildernew,Michelle Gildernew,Female,,,
Sarah,Olney,Jane,Sarah Olney,Sarah Olney MP,Female,,,
Órfhlaith,Begley,Acife,Órfhlaith Begley,Órfhlaith Begley MP,Female,,,
Janet,Daby,Jessica,Janet Daby,Janet Daby MP,Female,,,
Ruth,Jones,Lorraine,Ruth Jones,Ruth Jones MP,Female,,,
Fay,Jones,Alicia,Fay Jones,Fay Jones,Female,,,
Paula,Barker,,Paula Barker,Paula Barker MP,Female,,,
Munira,Wilson,,Munira Wilson,Munira Wilson MP,Female,,,
Mary,Foy,Kelly,Mary Kelly Foy,Mary Kelly Foy MP,Female,,,
Sarah,Owen,Mei Li,Sarah Owen,Sarah Owen MP,Female,,,
Suzanne,Webb,,Suzanne Webb,Suzanne Webb,Female,,,
Claire,Coutinho,Coryl Julia,Claire Coutinho,Rt Hon Claire Coutinho MP,Female,,,
Bethan,Winter,,Beth Winter,Beth Winter,Female,,,
Siobhan,Baillie,Kathleen,Siobhan Baillie,Siobhan Baillie,Female,,,
Kim,Johnson,Marie,Kim Johnson,Kim Johnson MP,Female,,,
Laura,Farris,Rose,Laura Farris,Laura Farris,Female,,,
Apsana,Begum,,Apsana Begum,Apsana Begum MP,Female,,,
Rachel,Hopkins,Louise,Rachel Hopkins,Rachel Hopkins MP,Female,,,
Angela,Richardson,Joy,Angela Richardson,Angela Richardson,Female,,,
Kate,Kniveton,Elizabeth,Kate Kniveton,Kate Kniveton,Female,,,
Miriam,Cates,Joy,Miriam Cates,Miriam Cates,Female,,,
Taiwo,Owatemi,Victoria,Taiwo Owatemi,Taiwo Owatemi MP,Female,,,
Cherilyn,Mackrory,,Cherilyn Mackrory,Cherilyn Mackrory,Female,,,
Olivia,Blake-Dagnall,Frances,Olivia Blake,Olivia Blake MP,Female,,,
Julie,Marson,,Julie Marson,Julie Marson,Female,,,
Alicia,Kearns,Alexandra Martha,Alicia Kearns,Alicia Kearns MP,Female,,,
Felicity,Buchan,Christiana,Felicity Buchan,Felicity Buchan,Female,,,
Katharine,Osborne,Helen,Kate Osborne,Kate Osborne MP,Female,,,
Carla,Lockhart,Rebecca,Carla Lockhart,Carla Lockhart MP,Female,,,
Selaine,Saxby,Rachel,Selaine Saxby,Selaine Saxby,Female,,,
Sarah,Dines,Elizabeth,Miss Sarah Dines,Miss Sarah Dines,Female,,,
Lia,Nici-Townend,,Lia Nici,Lia Nici,Female,,,
Daisy,Cooper,,Daisy Cooper,Daisy Cooper MP,Female,,,
Nicola,Richards,Faye,Nicola Richards,Nicola Richards,Female,,,
Zarah,Sultana,,Zarah Sultana,Zarah Sultana MP,Female,,,
Natalie,Elphicke,Cecilia,Mrs Natalie Elphicke,Mrs Natalie Elphicke,Female,,,
Bellavia,Ribeiro-Addy,Janet,Bell Ribeiro-Addy,Bell Ribeiro-Addy MP,Female,,,
Sarah,Atherton,Elizabeth,Sarah Atherton,Sarah Atherton,Female,,,
Holly,Mumby-Croft,,Holly Mumby-Croft,Holly Mumby-Croft,Female,,,
Theodora,Clarke,Roosevelt,Theo Clarke,Theo Clarke,Female,,,
Katherine,Fletcher,,Katherine Fletcher,Katherine Fletcher,Female,,,
Florence,Eshalomi,Dauta,Florence Eshalomi,Florence Eshalomi MP,Female,,,
Amy,Callaghan,,Amy Callaghan,Amy Callaghan,Female,,,
Joanna,Gideon,Mary,Jo Gideon,Jo Gideon,Female,,,
Wendy,Chamberlain,Anne,Wendy Chamberlain,Wendy Chamberlain MP,Female,,,
Fleur,Anderson,,Fleur Anderson,Fleur Anderson MP,Female,,,
Charlotte,Nichols,Louise,Charlotte Nichols,Charlotte Nichols MP,Female,,,
Sara,Britcliffe,Alice,Sara Britcliffe,Sara Britcliffe,Female,,,
Nicola,Aiken,Jane,Nickie Aiken,Nickie Aiken,Female,,,
Abena,Oppong-Asare,,Ms Abena Oppong-Asare,Ms Abena Oppong-Asare MP,Female,,,
Jane,Hunt,Marion,Jane Hunt,Jane Hunt,Female,,,
Claudia,Webbe,Naomi,Claudia Webbe,Claudia Webbe,Female,,,
Claire,Hanna,Aisling,Claire Hanna,Claire Hanna MP,Female,,,
Nadia,Whittome,Edith,Nadia Whittome,Nadia Whittome MP,Female,,,
Virginia,Crosbie,Ann,Virginia Crosbie,Virginia Crosbie,Female,,,
Laura,Trott,,Laura Trott,Rt Hon Laura Trott MP,Female,,,
Alexandra,Davies-Jones,Mary,Alex Davies-Jones,Alex Davies-Jones MP,Female,,,
Dehenna,Fareham,Sheridan,Dehenna Davison,Dehenna Davison,Female,,,
Feryal,Clark,Demirci,Feryal Clark,Feryal Clark MP,Female,,,
Joy,Morrissey,Inboden,Joy Morrissey,Joy Morrissey MP,Female,,,
Ruth,Edwards,Rosamond,Ruth Edwards,Ruth Edwards,Female,,,
Jane,Stevenson,Fiona Catherine,Jane Stevenson,Jane Stevenson,Female,,,
Sally-Ann,Hart,,Sally-Ann Hart,Sally-Ann Hart,Female,,,
John,Redwood,Alan,Sir John Redwood,Rt Hon Sir John Redwood,Male,,,
Stephen,McCabe,James,Lord McCabe,The Lord McCabe,Male,,,
Stephen,Timms,Creswell,Sir Stephen Timms,Rt Hon Sir Stephen Timms MP,Male,,,
Nicolas,Gibb,John,Nick Gibb,Rt Hon Nick Gibb,Male,,,
Grant,Shapps,,Grant Shapps,Rt Hon Grant Shapps,Male,,,
Christopher,Bryant,John,Chris Bryant,Chris Bryant MP,Male,,,
Jonathan,Djanogly,Simon,Mr Jonathan Djanogly,Mr Jonathan Djanogly,Male,,,
Peter,Bottomley,James,Sir Peter Bottomley,Sir Peter Bottomley,Male,,,
Hilary,Benn,James,Hilary Benn,Rt Hon Hilary Benn MP,Male,,,
Gregory,Knight,,Sir Greg Knight,Rt Hon Sir Greg Knight,Male,,,
Robert,Wallace,Ben Lobban,Mr Ben Wallace,Rt Hon Ben Wallace,Male,,,
Michael,Penning,,Sir Mike Penning,Rt Hon Sir Mike Penning,Male,,,
Wayne,David,,Wayne David,Wayne David,Male,,,
Damian,Green,Howard,Damian Green,Rt Hon Damian Green,Male,,,
Edward,Davey,Jonathon,Ed Davey,Rt Hon Ed Davey MP,Male,,,
John,Twigg,Derek,Derek Twigg,Derek Twigg MP,Male,,,
Graham,Stringer,Eric,Graham Stringer,Graham Stringer MP,Male,,,
Owen,Paterson,William,Mr Owen Paterson,Rt Hon Owen Paterson,Male,,,
George,Howarth,Edward,Sir George Howarth,Rt Hon Sir George Howarth,Male,,,
Alan,Campbell,,Sir Alan Campbell,Rt Hon Sir Alan Campbell MP,Male,,,
Guy,Opperman,Thomas,Guy Opperman,Guy Opperman,Male,,,
Andrew,Stephenson,George,Andrew Stephenson,Rt Hon Andrew Stephenson,Male,,,
Michael,Freer,Whitney,Mike Freer,Mike Freer,Male,,,
Damian,Hinds,Patrick George,Damian Hinds,Rt Hon Damian Hinds MP,Male,,,
Gregory,Hands,William,Greg Hands,Rt Hon Greg Hands,Male,,,
Shailesh,Vara,Lakhman,Shailesh Vara,Rt Hon Shailesh Vara,Male,,,
Anthony,Timpson,Edward,Edward Timpson,Edward Timpson KC,Male,,,
William,Wiggin,David,Sir Bill Wiggin,Sir Bill Wiggin,Male,,,
David,Evennett,Anthony,Sir David Evennett,Rt Hon Sir David Evennett,Male,,,
Gregory,Clark,David,Greg Clark,Rt Hon Greg Clark,Male,,,
David,Jones,Ian,Mr David Jones,Rt Hon David Jones,Male,,,
Alok,Sharma,,Lord Sharma,The Rt Hon. the Lord Sharma KCMG,Male,,,
Dominic,Raab,Rennie,Dominic Raab,Rt Hon Dominic Raab,Male,,,
Christopher,Heaton-Harris,,Chris Heaton-Harris,Rt Hon Chris Heaton-Harris,Male,,,
Andrew,Jones,Hanson,Andrew Jones,Andrew Jones,Male,,,
Mark,Garnier,Robert Timothy,Mark Garnier,Mark Garnier MP,Male,,,
Matthew,Hancock,John David,Matt Hancock,Rt Hon Matt Hancock,Male,,,
Andrew,Percy,Theakstone,Andrew Percy,Andrew Percy,Male,,,
Nigel,Adams,,Nigel Adams,Rt Hon Nigel Adams,Male,,,
Gavin,Williamson,Alexander,Sir Gavin Williamson,Rt Hon Sir Gavin Williamson MP,Male,,,
John,Spellar,,Lord Spellar,The Rt Hon. the Lord Spellar,Male,,,
George,Duncan Smith,Iain,Sir Iain Duncan Smith,Rt Hon Sir Iain Duncan Smith MP,Male,,,
Robert,Syms,Andrew Raymond,Sir Robert Syms,Sir Robert Syms,Male,,,
Gary,Streeter,Nicholas,Sir Gary Streeter,Sir Gary Streeter,Male,,,
Barry,Gardiner,Strachan,Barry Gardiner,Barry Gardiner MP,Male,,,
Michael,Fabricant,Louis David,Michael Fabricant,Michael Fabricant,Male,,,
Alexander,Johnson,Boris de Pfeffel,Boris Johnson,Rt Hon Boris Johnson,Male,,,
Edward,Miliband,Samuel,Ed Miliband,Rt Hon Ed Miliband MP,Male,,,
Andrew,Selous,Edmund Armstrong,Andrew Selous,Andrew Selous,Male,,,
Jeremy,Hunt,Richard Streynsham,Sir Jeremy Hunt,Rt Hon Sir Jeremy Hunt MP,Male,,,
Kevan,Jones,,Lord Beamish,The Rt Hon. the Lord Beamish,Male,,,
Tobias,Ellwood,Martin,Mr Tobias Ellwood,Rt Hon Tobias Ellwood,Male,,,
Mark,Harper,James,Lord Harper,The Rt Hon. the Lord Harper,Male,,,
Mark,Tami,Richard,Sir Mark Tami,Rt Hon Sir Mark Tami MP,Male,,,
Robert,Buckland,James,Sir Robert Buckland,Rt Hon Sir Robert Buckland KC,Male,,,
Oliver,Heald,,Sir Oliver Heald,Rt Hon Sir Oliver Heald KC,Male,,,
Alexander,Beresford,Paul,Sir Paul Beresford,Sir Paul Beresford,Male,,,
Desmond,Swayne,Angus,Sir Desmond Swayne,Rt Hon Sir Desmond Swayne MP,Male,,,
Mark,Francois,Gino,Mr Mark Francois,Rt Hon Mark Francois MP,Male,,,
Kevin,Brennan,,Lord Brennan of Canton,The Lord Brennan of Canton,Male,,,
James,Brokenshire,Peter,James Brokenshire,Rt Hon James Brokenshire,Male,,2021-10-07,
Stephen,Crabb,,Stephen Crabb,Rt Hon Stephen Crabb,Male,,,
John,Penrose,David,John Penrose,John Penrose,Male,,,
Brandon,Lewis,Kenneth,Sir Brandon Lewis,Rt Hon Sir Brandon Lewis,Male,,,
Paul,Maynard,Christopher,Paul Maynard,Paul Maynard,Male,,,
Sajid,Javid,,Sir Sajid Javid,Rt Hon Sir Sajid Javid,Male,,,
Charles,Eustice,George,George Eustice,Rt Hon George Eustice,Male,,,
Christopher,Skidmore,James,Chris Skidmore,Rt Hon Chris Skidmore,Male,,,
Stephen,Brine,Charles,Steve Brine,Steve Brine,Male,,,
Marcus,Jones,Charles,Mr Marcus Jones,Rt Hon Marcus Jones,Male,,,
Julian,Smith,Richard,Sir Julian Smith,Rt Hon Sir Julian Smith MP,Male,,,
Robin,Walker,Caspar,Mr Robin Walker,Mr Robin Walker,Male,,,
Timothy,Loughton,Paul,Tim Loughton,Tim Loughton,Male,,,
Alan,Whitehead,Patrick Vincent,Dr Alan Whitehead,Dr Alan Whitehead,Male,,,
Crispin,Blunt,Jeremy Rupert,Crispin Blunt,Crispin Blunt,Male,,,
Robert,Halfon,Henry,Robert Halfon,Rt Hon Robert Halfon,Male,,,
David,Lammy,Lindon,Mr David Lammy,Rt Hon David Lammy MP,Male,,,
Nicholas,Brown,Hugh,Mr Nicholas Brown,Rt Hon Nicholas Brown,Male,,,
Graham,Stuart,Charles,Graham Stuart,Rt Hon Graham Stuart MP,Male,,,
Robert,Goodwill,,Sir Robert Goodwill,Sir Robert Goodwill,Male,,,
Christopher,Chope,Robert,Sir Christopher Chope,Sir Christopher Chope MP,Male,,,
Andrew,Mitchell,John Bower,Sir Andrew Mitchell,Rt Hon Sir Andrew Mitchell MP,Male,,,
Robert,Neill,James MacGillivray,Sir Robert Neill,Sir Robert Neill KC,Male,,,
Daniel,Poulter,Leonard James,Dr Dan Poulter,Dr Dan Poulter,Male,,,
Mark,Spencer,Steven,Sir Mark Spencer,Rt Hon Sir Mark Spencer,Male,,,
Justin,Tomlinson,Paul,Justin Tomlinson,Justin Tomlinson,Male,,,
Christopher,Pincher,John,Christopher Pincher,Rt Hon Christopher Pincher,Male,,,
Gareth,Thomas,,Gareth Thomas,Gareth Thomas MP,Male,,,
Benjamin,Bradshaw,Peter James,Mr Ben Bradshaw,Rt Hon Ben Bradshaw,Male,,,
John,Healey,,John Healey,Rt Hon John Healey MP,Male,,,
David,Davis,Michael,David Davis,Rt Hon David Davis MP,Male,,,
Stephen,Hammond,William,Stephen Hammond,Stephen Hammond,Male,,,
David,Mundell,Gordon,David Mundell,Rt Hon David Mundell MP,Male,,,
Michael,Gove,Andrew,Lord Gove,The Rt Hon. the Lord Gove,Male,,,
Philip,Dunne,Martin,Philip Dunne,Rt Hon Philip Dunne,Male,,,
Jeremy,Wright,Paul,Sir Jeremy Wright,Rt Hon Sir Jeremy Wright KC MP,Male,,,
Stuart,Andrew,James,Stuart Andrew,Rt Hon Stuart Andrew MP,Male,,,
Steven,Baker,John,Mr Steve Baker,Rt Hon Steve Baker,Male,,,
John,Whittingdale,Flasby Lawrence,Sir John Whittingdale,Rt Hon Sir John Whittingdale MP,Male,,,
Clive,Betts,James Charles,Mr Clive Betts,Mr Clive Betts MP,Male,,,
Liam,Fox,,Sir Liam Fox,Rt Hon Sir Liam Fox,Male,,,
John,Hayes,Henry,Sir John Hayes,Rt Hon Sir John Hayes MP,Male,,,
Anthony,Lloyd,Joseph,Tony Lloyd,Tony Lloyd,Male,,2024-01-17,
Edward,Leigh,Julian Egerton,Sir Edward Leigh,Rt Hon Sir Edward Leigh MP,Male,,,
Michael,Ellis,Tyrone,Sir Michael Ellis,Rt Hon Sir Michael Ellis,Male,,,
Alun,Cairns,Hugh,Alun Cairns,Rt Hon Alun Cairns,Male,,,
Andrew,Murrison,William,Dr Andrew Murrison,Rt Hon Dr Andrew Murrison MP,Male,,,
James,Duddridge,Philip,Sir James Duddridge,Sir James Duddridge,Male,,,
Liam,Byrne,Dominic,Liam Byrne,Rt Hon Liam Byrne MP,Male,,,
Chris,Grayling,,Lord Grayling,The Rt Hon. the Lord Grayling,Male,,,
Patrick,McFadden,Bosco,Pat McFadden,Rt Hon Pat McFadden MP,Male,,,
Alistair,Carmichael,,Mr Alistair Carmichael,Rt Hon Alistair Carmichael MP,Male,,,
Craig,Whittaker,,Craig Whittaker,Rt Hon Craig Whittaker,Male,,,
David,Rutley,Henry,David Rutley,David Rutley,Male,,,
Melvyn,Stride,John,Sir Mel Stride,Rt Hon Sir Mel Stride MP,Male,,,
Alexander,Norman,Jesse,Jesse Norman,Rt Hon Jesse Norman MP,Male,,,
James,Berry,Jacob Gilchrist,Sir Jake Berry,Sir Jake Berry,Male,,,
John,Glen,Philip,John Glen,Rt Hon John Glen MP,Male,,,
George,Freeman,William,George Freeman,George Freeman MP,Male,,,
Stephen,Barclay,Paul,Steve Barclay,Rt Hon Steve Barclay MP,Male,,,
Bernard,Jenkin,Christison,Sir Bernard Jenkin,Sir Bernard Jenkin MP,Male,,,
Julian,Lewis,Murray,Sir Julian Lewis,Rt Hon Sir Julian Lewis MP,Male,,,
John,Cryer,,Lord Cryer,The Lord Cryer,Male,,,
James,Gray,Whiteside,James Gray,James Gray,Male,,,
David,Amess,Anthony Andrew,Sir David Amess,Sir David Amess,Male,,2021-10-15,
Roger,Gale,James,Sir Roger Gale,Rt Hon Sir Roger Gale MP,Male,,,
Geraint,Davies,Richard,Geraint Davies,Geraint Davies,Male,,,
Jeremy,Corbyn,Bernard,Jeremy Corbyn,Rt Hon Jeremy Corbyn MP,Male,,,
Geoffrey,Clifton-Brown,Robert,Sir Geoffrey Clifton-Brown,Sir Geoffrey Clifton-Brown MP,Male,,,
Laurence,Robertson,Anthony,Mr Laurence Robertson,Mr Laurence Robertson,Male,,,
William,Cash,Nigel Paul,Sir William Cash,Sir William Cash,Male,,,
Jon,Trickett,Hedley,Jon Trickett,Jon Trickett MP,Male,,,
Fabian,Hamilton,,Fabian Hamilton,Fabian Hamilton MP,Male,,,
Graham,Brady,,Lord Brady of Altrincham,The Rt Hon. the Lord Brady of Altrincham,Male,,,
Clive,Efford,Stanley,Clive Efford,Clive Efford MP,Male,,,
Nigel,Evans,Martin,Mr Nigel Evans,Rt Hon Nigel Evans,Male,,,
John,McDonnell,Martin,John McDonnell,Rt Hon John McDonnell MP,Male,,,
Barry,Sheerman,John,Mr Barry Sheerman,Mr Barry Sheerman,Male,,,
Mark,Hendrick,Phillip,Sir Mark Hendrick,Sir Mark Hendrick MP,Male,,,
Lindsay,Hoyle,Harvey,Sir Lindsay Hoyle,Rt Hon Sir Lindsay Hoyle MP,Male,,,
Jeffrey,Donaldson,Mark,Sir Jeffrey M Donaldson,Rt Hon Sir Jeffrey M Donaldson,Male,,,
Ian,Liddell-Grainger,Richard Peregrine,Mr Ian Liddell-Grainger,Mr Ian Liddell-Grainger,Male,,,
Khalid,Mahmood,,Mr Khalid Mahmood,Mr Khalid Mahmood,Male,,,
David,Davies,Thomas Charles,David T C Davies,Rt Hon David T C Davies,Male,,,
Adam,Holloway,James Harold,Adam Holloway,Adam Holloway,Male,,,
Angus,MacNeil,Brendan,Angus Brendan MacNeil,Angus Brendan MacNeil,Male,,,
Charles,Walker,Ashley Rupert,Sir Charles Walker,Sir Charles Walker,Male,,,
Virendra,Sharma,Kumar,Mr Virendra Sharma,Mr Virendra Sharma,Male,,,
Philip,Davies,Andrew,Sir Philip Davies,Sir Philip Davies,Male,,,
Daniel,Kawczynski,Robert,Daniel Kawczynski,Daniel Kawczynski,Male,,,
Mark,Pritchard,Andrew,Mark Pritchard,Rt Hon Mark Pritchard MP,Male,,,
Hywel,Williams,,Hywel Williams,Hywel Williams,Male,,,
Andrew,Rosindell,Richard,Andrew Rosindell,Andrew Rosindell MP,Male,,,
Richard,Bacon,Michael,Mr Richard Bacon,Mr Richard Bacon,Male,,,
Andrew,Slaughter,Francis,Andy Slaughter,Andy Slaughter MP,Male,,,
Adam,Afriyie,,Adam Afriyie,Adam Afriyie,Male,,,
Peter,Bone,William,Mr Peter Bone,Mr Peter Bone,Male,,,
Stewart,Hosie,,Stewart Hosie,Rt Hon Stewart Hosie,Male,,,
Philip,Hollobone,Thomas,Mr Philip Hollobone,Mr Philip Hollobone,Male,,,
John,Baron,Charles,Mr John Baron,Mr John Baron,Male,,,
John,Howell,Michael,John Howell,John Howell,Male,,,
Peter,Wishart,,Pete Wishart,Pete Wishart MP,Male,,,
Andrew,Gwynne,John,Andrew Gwynne,Andrew Gwynne MP,Male,,,
Robert,Blackman,John,Bob Blackman,Bob Blackman MP,Male,,,
Atta-Ur-Rehman,Chishti,,Rehman Chishti,Rehman Chishti,Male,,,
Robert,Stewart,Alexander,Bob Stewart,Rt Hon Bob Stewart,Male,,,
Andrew,Stevenson,John,John Stevenson,John Stevenson,Male,,,
Simon,Hart,Anthony,Lord Hart of Tenby,The Rt Hon. the Lord Hart of Tenby,Male,,,
Nicholas,Smith,Desmond John,Nick Smith,Nick Smith MP,Male,,,
Julian,Sturdy,Charles,Julian Sturdy,Julian Sturdy,Male,,,
Christopher,Evans,James,Chris Evans,Chris Evans MP,Male,,,
Jacob,Rees-Mogg,William,Sir Jacob Rees-Mogg,Rt Hon Sir Jacob Rees-Mogg,Male,,,
Nadhim,Zahawi,,Nadhim Zahawi,Rt Hon Nadhim Zahawi,Male,,,
David,Morris,Thomas,David Morris,David Morris,Male,,,
Ronald,Cowan,Jack,Ronnie Cowan,Ronnie Cowan,Male,,,
Rishi,Sunak,,Rishi Sunak,Rt Hon Rishi Sunak MP,Male,,,
John,McNally,Joseph,John McNally,John McNally,Male,,,
Richard,Graham,Michael John Ogilvie,Richard Graham,Richard Graham,Male,,,
Ian,Murray,,Ian Murray,Rt Hon Ian Murray MP,Male,,,
Alec,Shelbrooke,,Sir Alec Shelbrooke,Rt Hon Sir Alec Shelbrooke MP,Male,,,
James,Mearns,Ian,Ian Mearns,Ian Mearns,Male,,,
Nigel,Mills,John,Nigel Mills,Nigel Mills,Male,,,
Kwasi,Kwarteng,Alfred Addo,Kwasi Kwarteng,Rt Hon Kwasi Kwarteng,Male,,,
Stephen,Doughty,John,Stephen Doughty,Stephen Doughty MP,Male,,,
Jeremy,Quin,Mark,Sir Jeremy Quin,Rt Hon Sir Jeremy Quin,Male,,,
Gavin,Robinson,James,Gavin Robinson,Rt Hon Gavin Robinson MP,Male,,,
Scott,Mann,Leslie,Scott Mann,Scott Mann,Male,,,
Alun Craig,Williams,,Craig Williams,Rt Hon Craig Williams,Male,,,
Paul,Scully,Stuart,Paul Scully,Paul Scully,Male,,,
Patrick,Grady,John,Patrick Grady,Patrick Grady,Male,,,
Luke,Hall,Anthony,Luke Hall,Luke Hall,Male,,,
Royston,Smith,Matthew,Royston Smith,Royston Smith,Male,,,
Christopher,Green,James,Chris Green,Chris Green,Male,,,
Thomas,Tugendhat,Georg John,Tom Tugendhat,Rt Hon Tom Tugendhat MP,Male,,,
Craig,Tracey,Paul,Craig Tracey,Craig Tracey,Male,,,
Craig,Mackinlay,,Lord Mackinlay of Richborough,The Lord Mackinlay of Richborough JP,Male,,,
David,Linden,Melvyn,David Linden,David Linden,Male,,,
Timothy,Farron,James,Tim Farron,Tim Farron MP,Male,,,
Gareth,Johnson,Alan,Gareth Johnson,Gareth Johnson,Male,,,
Damian,Collins,Noel Thomas,Damian Collins,Damian Collins,Male,,,
Jonathan,Reynolds,Neil,Jonathan Reynolds,Rt Hon Jonathan Reynolds MP,Male,,,
Karl,Turner,,Karl Turner,Karl Turner MP,Male,,,
Paul,Blomfield,Christopher,Paul Blomfield,Paul Blomfield,Male,,,
Andrew,Bridgen,James,Andrew Bridgen,Andrew Bridgen,Male,,,
Steven,Reed,Mark Ward,Steve Reed,Rt Hon Steve Reed MP,Male,,,
Simon,Hoare,James,Simon Hoare,Simon Hoare MP,Male,,,
Andrew,Hendry,Egan Henderson,Drew Hendry,Drew Hendry,Male,,,
Christopher,Law,Murray Alexander,Chris Law,Chris Law MP,Male,,,
Neil,Coyle,,Neil Coyle,Neil Coyle MP,Male,,,
Julian,Knight,Carlton,Julian Knight,Julian Knight,Male,,,
Peter,Grant,,Peter Grant,Peter Grant,Male,,,
Marcus,Fysh,John Hudson,Mr Marcus Fysh,Mr Marcus Fysh,Male,,,
Michael,Hill,Robert,Mike Hill,Mike Hill,Male,,,
Charalambos,Charalambous,,Bambos Charalambous,Bambos Charalambous MP,Male,,,
Giles,Watling,Francis,Giles Watling,Giles Watling,Male,,,
James,Cartlidge,Roger,James Cartlidge,James Cartlidge MP,Male,,,
Neil,O'Brien,John,Neil O'Brien,Neil O'Brien MP,Male,,,
Gregory,Campbell,Lloyd,Mr Gregory Campbell,Mr Gregory Campbell MP,Male,,,
Conor,Burns,,Sir Conor Burns,Rt Hon Sir Conor Burns,Male,,,
Giacomo,Lopresti,,Jack Lopresti,Jack Lopresti,Male,,,
Mark,Pawsey,Julian Francis,Mark Pawsey,Mark Pawsey,Male,,,
William,Esterson,Roffen,Bill Esterson,Bill Esterson MP,Male,,,
Alexander,Cunningham,,Alex Cunningham,Alex Cunningham,Male,,,
Ian,Lavery,,Ian Lavery,Ian Lavery MP,Male,,,
Ian,Paisley,Richard Kyle,Ian Paisley,Ian Paisley,Male,,,
Richard,Shannon,James,Jim Shannon,Jim Shannon MP,Male,,,
Jason,McCartney,,Jason McCartney,Jason McCartney,Male,,,
Mark,Menzies,Andrew,Mark Menzies,Mark Menzies,Male,,,
Matthew,Perkins,Toby,Mr Toby Perkins,Mr Toby Perkins MP,Male,,,
Iain,Stewart,Aitken,Iain Stewart,Iain Stewart,Male,,,
Chris,Philp,Ian Brian Mynott,Chris Philp,Rt Hon Chris Philp MP,Male,,,
Matthew,Warman,Robert,Matt Warman,Matt Warman,Male,,,
Alan,Mak,,Alan Mak,Alan Mak MP,Male,,,
John,Nicolson,MacKenzie,John Nicolson,John Nicolson,Male,,,
William,Wragg,Peter,Mr William Wragg,Mr William Wragg,Male,,,
William,Quince,James,Will Quince,Will Quince,Male,,,
Christian,Matheson,John Patrick,Christian Matheson,Christian Matheson,Male,,,
Stewart,McDonald,Malcolm,Stewart Malcolm McDonald,Stewart Malcolm McDonald,Male,,,
Matthew,Pennycook,Thomas,Matthew Pennycook,Matthew Pennycook MP,Male,,,
Andrew,Lewer,Iain,Andrew Lewer,Andrew Lewer,Male,,,
Neil,Gray,Charles,Neil Gray,Neil Gray,Male,,,
Imran,Hussain,,Imran Hussain,Imran Hussain MP,Male,,,
Alan,Brown,,Alan Brown,Alan Brown,Male,,,
Martyn,Day,,Martyn Day,Martyn Day,Male,,,
Kevin,Foster,John,Kevin Foster,Kevin Foster,Male,,,
Gavin,Newlands,Andrew Stuart,Gavin Newlands,Gavin Newlands,Male,,,
Christopher,Elmore,Philip James,Chris Elmore,Chris Elmore MP,Male,,,
Wesley,Streeting,Paul William,Wes Streeting,Rt Hon Wes Streeting MP,Male,,,
Alexander,Sobel,David,Alex Sobel,Alex Sobel MP,Male,,,
Charles,Cox,Geoffrey,Sir Geoffrey Cox,Rt Hon Sir Geoffrey Cox KC MP,Male,,,
Richard,Fuller,Quentin,Richard Fuller,Richard Fuller MP,Male,,,
Richard,Plunkett-Ernle-Erle-Drax,Grosvenor,Richard Drax,Richard Drax,Male,,,
Stuart,McDonald,Campbell,Stuart C McDonald,Stuart C McDonald,Male,,,
Christopher,Stephens,Charles,Chris Stephens,Chris Stephens,Male,,,
Brendan,O'Hara,,Brendan O'Hara,Brendan O'Hara MP,Male,,,
Robert,Jenrick,Edward,Robert Jenrick,Rt Hon Robert Jenrick MP,Male,,,
Owen,Thompson,George,Owen Thompson,Rt Hon Owen Thompson,Male,,,
Stephen,Double,Daniel,Steve Double,Steve Double,Male,,,
Matthew,Western,Raymond,Matt Western,Matt Western MP,Male,,,
Peter,Aldous,James Guy,Peter Aldous,Peter Aldous,Male,,,
Michael,Kane,Joseph Patrick,Mike Kane,Mike Kane MP,Male,,,
Thomas,Sheppard,,Tommy Sheppard,Tommy Sheppard,Male,,,
Justin,Madders,Piers Richard,Justin Madders,Justin Madders MP,Male,,,
Edward,Argar,John Comport,Edward Argar,Rt Hon Edward Argar MP,Male,,,
Michael,Tomlinson-Mynors,James,Michael Tomlinson,Rt Hon Michael Tomlinson KC,Male,,,
Huw,Merriman,William,Huw Merriman,Huw Merriman,Male,,,
Conor,McGinn,Patrick,Conor McGinn,Conor McGinn,Male,,,
Stephen,Kinnock,Nathan,Stephen Kinnock,Stephen Kinnock MP,Male,,,
Samuel,Wilson,,Sammy Wilson,Rt Hon Sammy Wilson MP,Male,,,
Grahame,Morris,Mark,Grahame Morris,Grahame Morris MP,Male,,,
Matthew,Offord,James,Dr Matthew Offord,Dr Matthew Offord,Male,,,
Andrew,McDonald,Joseph,Andy McDonald,Andy McDonald MP,Male,,,
Christopher,Malthouse,Laurie,Kit Malthouse,Rt Hon Kit Malthouse MP,Male,,,
John,Mercer,Luther,Johnny Mercer,Rt Hon Johnny Mercer,Male,,,
David,Edwards,Jonathan,Jonathan Edwards,Jonathan Edwards,Male,,,
Neil,Parish,Quentin Gordon,Neil Parish,Neil Parish,Male,,,
Stephen,Metcalfe,James,Stephen Metcalfe,Stephen Metcalfe,Male,,,
Karl,McCartney,,Karl McCartney,Karl McCartney,Male,,,
Ranil,Jayawardena,Malcolm,Mr Ranil Jayawardena,Rt Hon Ranil Jayawardena,Male,,,
Ian,Blackford,,Ian Blackford,Rt Hon Ian Blackford,Male,,,
Derek,Thomas,Gordon,Derek Thomas,Derek Thomas,Male,,,
Leo,Docherty,,Leo Docherty,Leo Docherty,Male,,,
James,Morris,,James Morris,James Morris,Male,,,
Martin,Vickers,John,Martin Vickers,Martin Vickers MP,Male,,,
Douglas,Chapman,,Douglas Chapman,Douglas Chapman,Male,,,
Daniel,Zeichner,Stephen,Daniel Zeichner,Daniel Zeichner MP,Male,,,
Alexander,Chalk,John Gervase,Alex Chalk,Rt Hon Alex Chalk KC,Male,,,
Nigel,Huddleston,Paul,Nigel Huddleston,Nigel Huddleston MP,Male,,,
James,Heappey,Stephen,James Heappey,Rt Hon James Heappey,Male,,,
Peter,Kyle,John,Peter Kyle,Rt Hon Peter Kyle MP,Male,,,
Ben,Lake,Morgan,Ben Lake,Ben Lake MP,Male,,,
David,Duguid,James,David Duguid,David Duguid,Male,,,
Darren,Jones,Paul,Darren Jones,Rt Hon Darren Jones MP,Male,,,
Jonathan,Cruddas,,Jon Cruddas,Jon Cruddas,Male,,,
Gordon,Henderson,Leonard,Gordon Henderson,Gordon Henderson,Male,,,
Henry,Smith,Edward Millar,Henry Smith,Henry Smith,Male,,,
Michael,Wood,Jon,Mike Wood,Mike Wood MP,Male,,,
James,Cleverly,Spencer,Sir James Cleverly,Rt Hon Sir James Cleverly MP,Male,,,
John,Lamont,Robert,John Lamont,John Lamont MP,Male,,,
Gerald,Jones,,Gerald Jones,Gerald Jones MP,Male,,,
Kevin,Hollinrake,Paul,Kevin Hollinrake,Kevin Hollinrake MP,Male,,,
Alberto,Costa,Castrenze,Alberto Costa,Alberto Costa MP,Male,,,
Michael,Burghart,Alex,Alex Burghart,Alex Burghart MP,Male,,,
James,McMahon,Ignatius O'Rourke,Jim McMahon,Jim McMahon MP,Male,,,
David,Warburton,John,David Warburton,David Warburton,Male,,,
Luke,Pollard,,Luke Pollard,Luke Pollard MP,Male,,,
John,Dromey,Eugene Joseph,Jack Dromey,Jack Dromey,Male,,2022-01-07,
Lloyd,Russell-Moyle,,Lloyd Russell-Moyle,Lloyd Russell-Moyle,Male,,,
Alister,Jack,William,Lord Jack of Courance,The Rt Hon. the Lord Jack of Courance KBE DL,Male,,,
Clive,Lewis,Anthony,Clive Lewis,Clive Lewis MP,Male,,,
Stephen,McPartland,Anthony,Stephen McPartland,Rt Hon Stephen McPartland,Male,,,
Oliver,Dowden,James,Sir Oliver Dowden,Rt Hon Sir Oliver Dowden MP,Male,,,
James,Davies,Michael,Dr James Davies,Dr James Davies,Male,,,
Jeffrey,Smith,,Jeff Smith,Jeff Smith MP,Male,,,
Robert,Courts,Alexander,Robert Courts,Robert Courts,Male,,,
Keir,Starmer,,Sir Keir Starmer,Rt Hon Sir Keir Starmer MP,Male,,,
Richard,Burgon,,Richard Burgon,Richard Burgon MP,Male,,,
Martin,Docherty-Hughes,John,Martin Docherty-Hughes,Martin Docherty-Hughes,Male,,,
Nicklaus,Thomas-Symonds,,Nick Thomas-Symonds,Rt Hon Nick Thomas-Symonds MP,Male,,,
Abimbola,Afolami,,Bim Afolami,Bim Afolami,Male,,,
Michael,Amesbury,Lee,Mike Amesbury,Mike Amesbury,Male,,,
Daniel,Jarvis,Owen,Dan Jarvis,Dan Jarvis MP,Male,,,
William,Girvan,Paul,Paul Girvan,Paul Girvan,Male,,,
Mohammad,Yasin,,Mohammad Yasin,Mohammad Yasin MP,Male,,,
Alexander,Norris,James Jorden,Alex Norris,Alex Norris MP,Male,,,
Robert,Seely,William Henry,Bob Seely,Bob Seely,Male,,,
Jonathan,Lord,George Caladine,Mr Jonathan Lord,Mr Jonathan Lord,Male,,,
Benjamin,Bradley,David,Ben Bradley,Ben Bradley,Male,,,
Andrew,Bowie,Campbell,Andrew Bowie,Andrew Bowie MP,Male,,,
Mohammed,Khan,Afzal,Afzal Khan,Afzal Khan MP,Male,,,
Thomas,Pursglove,Christopher John,Tom Pursglove,Tom Pursglove,Male,,,
Stephen,Morgan,James,Stephen Morgan,Stephen Morgan MP,Male,,,
Simon,Clarke,Richard,Sir Simon Clarke,Rt Hon Sir Simon Clarke,Male,,,
Lee,Rowley,Benjamin,Lee Rowley,Lee Rowley,Male,,,
Douglas,Ross,Gordon,Douglas Ross,Douglas Ross,Male,,,
Peter,Dowd,Christopher,Peter Dowd,Peter Dowd MP,Male,,,
Mathew,Rodda,Richard Allen,Matt Rodda,Matt Rodda MP,Male,,,
Daniel,Carden,Joseph,Dan Carden,Dan Carden MP,Male,,,
Jonathan,Ashworth,Michael Graham,Jonathan Ashworth,Rt Hon Jonathan Ashworth,Male,,,
Edmund,Hughes,Francis,Eddie Hughes,Eddie Hughes,Male,,,
Jack,Brereton,Edgar,Jack Brereton,Jack Brereton,Male,,,
Tanmanjeet,Dhesi,Singh,Mr Tanmanjeet Singh Dhesi,Mr Tanmanjeet Singh Dhesi MP,Male,,,
James,Stone,Hume Walter Mieville,Jamie Stone,Jamie Stone MP,Male,,,
Paul,Maskey,John,Paul Maskey,Paul Maskey MP,Male,,,
Christopher,Hazzard,John,Chris Hazzard,Chris Hazzard MP,Male,,,
Damien,Moore,,Damien Moore,Damien Moore,Male,,,
Francis,Molloy,Joseph,Francie Molloy,Francie Molloy,Male,,,
Michael,Brady,,Mickey Brady,Mickey Brady,Male,,,
Mark,Eastwood,Simon,Mark Eastwood,Mark Eastwood,Male,,,
Andrew,Carter,John,Andy Carter,Andy Carter,Male,,,
Benjamin,Spencer,Walter Jack,Dr Ben Spencer,Dr Ben Spencer MP,Male,,,
Stephen,Farry,Anthony,Stephen Farry,Stephen Farry,Male,,,
Scott,Benton,Lloyd,Scott Benton,Scott Benton,Male,,,
Thomas,Randall,William,Tom Randall,Tom Randall,Male,,,
Gagan,Mohindra,,Mr Gagan Mohindra,Mr Gagan Mohindra MP,Male,,,
Lee,Anderson,,Lee Anderson,Lee Anderson MP,Male,,,
Stuart,Anderson,Paul,Stuart Anderson,Stuart Anderson MP,Male,,,
Jonathan,Gullis,Edward,Jonathan Gullis,Jonathan Gullis,Male,,,
Gary,Sambrook,William,Gary Sambrook,Gary Sambrook,Male,,,
Simon,Jupp,James,Simon Jupp,Simon Jupp,Male,,,
Allan,Dorans,Hopkins,Allan Dorans,Allan Dorans,Male,,,
James,Wild,Oliver,James Wild,James Wild MP,Male,,,
Thomas,Hunt,Patrick,Tom Hunt,Tom Hunt,Male,,,
Anthony,Mangnall,James Holland,Anthony Mangnall,Anthony Mangnall,Male,,,
Neil,Hudson,Peter Hammerton,Dr Neil Hudson,Dr Neil Hudson MP,Male,,,
Elliot,Colburn,,Elliot Colburn,Elliot Colburn,Male,,,
Mohammad Saqib,Bhatti,,Saqib Bhatti,Saqib Bhatti MP,Male,,,
Aaron,Bell,Stuart,Aaron Bell,Aaron Bell,Male,,,
Robert,Moore,Peter,Robbie Moore,Robbie Moore MP,Male,,,
Christian,Wakeford,,Christian Wakeford,Christian Wakeford MP,Male,,,
Darren,Henry,George,Darren Henry,Darren Henry,Male,,,
Christopher,Clarkson,Mark,Chris Clarkson,Chris Clarkson,Male,,,
Kieran,Mullan,John,Dr Kieran Mullan,Dr Kieran Mullan MP,Male,,,
Antony,Higginbotham,,Antony Higginbotham,Antony Higginbotham,Male,,,
Gareth,Bacon,Andrew,Gareth Bacon,Gareth Bacon MP,Male,,,
Paul,Bristow,,Paul Bristow,Paul Bristow,Male,,,
Robert,Largan,,Robert Largan,Robert Largan,Male,,,
Steven,Bonnar,,Steven Bonnar,Steven Bonnar,Male,,,
Michael,Whitley,,Mick Whitley,Mick Whitley,Male,,,
Alyn,Smith,Edward,Alyn Smith,Alyn Smith,Male,,,
Paul,Howell,,Paul Howell,Paul Howell,Male,,,
Andrew,Griffith,John,Andrew Griffith,Andrew Griffith MP,Male,,,
Paul,Holmes,John,Paul Holmes,Paul Holmes MP,Male,,,
Simon,Fell,Richard James,Simon Fell,Simon Fell,Male,,,
Dean,Russell,,Dean Russell,Dean Russell,Male,,,
Navendu,Mishra,Prabhat,Navendu Mishra,Navendu Mishra MP,Male,,,
Ian,Levy,,Ian Levy,Ian Levy,Male,,,
Imran,Ahmad Khan,Nasir,Imran Ahmad Khan,Imran Ahmad Khan,Male,,,
Tahir,Ali,,Tahir Ali,Tahir Ali MP,Male,,,
Jerome,Mayhew,Patrick Burke,Jerome Mayhew,Jerome Mayhew MP,Male,,,
Ian,Byrne,Robert,Ian Byrne,Ian Byrne MP,Male,,,
Brendan,Clarke-Smith,,Brendan Clarke-Smith,Brendan Clarke-Smith,Male,,,
Robert,Roberts,Joseph,Mr Rob Roberts,Mr Rob Roberts,Male,,,
Shaun,Bailey,Stephen,Shaun Bailey,Shaun Bailey,Male,,,
David,Doogan,Michael,Dave Doogan,Dave Doogan MP,Male,,,
Peter,Gibson,Alexander,Peter Gibson,Peter Gibson,Male,,,
Ben,Everitt,,Ben Everitt,Ben Everitt,Male,,,
Mark,Jenkinson,Ian,Mark Jenkinson,Mark Jenkinson,Male,,,
Nicholas,Fletcher,Anthony,Nick Fletcher,Nick Fletcher,Male,,,
David,Johnston,Mervyn,David Johnston,David Johnston,Male,,,
Marco,Longhi,,Marco Longhi,Marco Longhi,Male,,,
Matthew,Vickers,Alexander,Matt Vickers,Matt Vickers MP,Male,,,
Robin,Millar,John,Robin Millar,Robin Millar,Male,,,
Jacob,Young,,Jacob Young,Jacob Young,Male,,,
James,Grundy,Nelson,James Grundy,James Grundy,Male,,,
James,Murray,Stewart,James Murray,James Murray MP,Male,,,
James,Sunderland,,James Sunderland,James Sunderland,Male,,,
Samuel,Tarry,Peter,Sam Tarry,Sam Tarry,Male,,,
Richard,Holden,John,Mr Richard Holden,Rt Hon Richard Holden MP,Male,,,
Greg,Smith,,Greg Smith,Greg Smith MP,Male,,,
John,Finucane,,John Finucane,John Finucane MP,Male,,,
Robert,Butler,,Rob Butler,Rob Butler,Male,,,
James Neale,Hanvey,,Neale Hanvey,Neale Hanvey,Male,,,
Simon,Baynes,Robert Maurice,Simon Baynes,Simon Baynes,Male,,,
Mark,Logan,Rory,Mark Logan,Mark Logan,Male,,,
Gareth,Davies,Mark,Gareth Davies,Gareth Davies MP,Male,,,
Kenny,MacAskill,Wright,Kenny MacAskill,Kenny MacAskill,Male,,,
Anthony,Browne,Howe,Anthony Browne,Anthony Browne,Male,,,
Duncan,Baker,Charles,Duncan Baker,Duncan Baker,Male,,,
Richard,Thomson,Gordon,Richard Thomson,Richard Thomson,Male,,,
Colum,Eastwood,,Colum Eastwood,Colum Eastwood MP,Male,,,
Jamie,Wallis,Hamilton,Dr Jamie Wallis,Dr Jamie Wallis,Male,,,
Christopher,Loder,Lionel John,Chris Loder,Chris Loder,Male,,,
Stephen,Flynn,Mark,Stephen Flynn,Rt Hon Stephen Flynn MP,Male,,,
Mark,Fletcher,Peter,Mark Fletcher,Mark Fletcher,Male,,,
James,Daly,Barry,James Daly,James Daly,Male,,,
Daniel,Kruger,Rayne,Danny Kruger,Danny Kruger MP,Male,,,
David,Simmonds,Timothy,David Simmonds,David Simmonds MP,Male,,,
Luke,Evans,Morgan,Dr Luke Evans,Dr Luke Evans MP,Male,,,
Alexander,Stafford,Paul Thomas,Alexander Stafford,Alexander Stafford,Male,,,
